"","Plot","Year","Subplot","Treatment","invsimpson_biomass"
"1",1,2008,"na","Insecticide",1
"2",2,2008,"na","Control",1
"3",3,2008,"na","FoliarFungicide",1
"4",4,2008,"na","SoilDrenchFungicide",1
"5",5,2008,"na","AllPesticides",1
"6",6,2008,"na","Fenced",1
"7",7,2008,"na","AllPesticides",1
"8",8,2008,"na","Control",1
"9",9,2008,"na","Insecticide",1
"10",10,2008,"na","FoliarFungicide",1
"11",11,2008,"na","SoilDrenchFungicide",1
"12",12,2008,"na","Fenced",1
"13",13,2008,"na","AllPesticides",1
"14",14,2008,"na","Control",1
"15",15,2008,"na","FoliarFungicide",1
"16",16,2008,"na","Insecticide",1
"17",17,2008,"na","SoilDrenchFungicide",1
"18",18,2008,"na","Fenced",1
"19",19,2008,"na","Insecticide",1
"20",20,2008,"na","SoilDrenchFungicide",1
"21",21,2008,"na","Fenced",1
"22",22,2008,"na","FoliarFungicide",1
"23",23,2008,"na","AllPesticides",1
"24",24,2008,"na","Control",1
"25",25,2008,"na","Fenced",1
"26",26,2008,"na","FoliarFungicide",1
"27",27,2008,"na","SoilDrenchFungicide",1
"28",28,2008,"na","AllPesticides",1
"29",29,2008,"na","Control",1
"30",30,2008,"na","Insecticide",1
"31",31,2008,"na","SoilDrenchFungicide",1
"32",32,2008,"na","Control",1
"33",33,2008,"na","Fenced",1
"34",34,2008,"na","AllPesticides",1
"35",35,2008,"na","Insecticide",1
"36",36,2008,"na","FoliarFungicide",1
"37",37,2008,"na","Control",1
"38",38,2008,"na","Fenced",1
"39",39,2008,"na","FoliarFungicide",1
"40",40,2008,"na","Insecticide",1
"41",41,2008,"na","AllPesticides",1
"42",42,2008,"na","SoilDrenchFungicide",1
"43",43,2008,"na","Fenced",1
"44",44,2008,"na","AllPesticides",1
"45",45,2008,"na","Insecticide",1
"46",46,2008,"na","SoilDrenchFungicide",1
"47",47,2008,"na","Control",1
"48",48,2008,"na","FoliarFungicide",1
"49",1,2009,"na","Insecticide",2.11463997619132
"50",2,2009,"na","Control",4.1168086449365
"51",3,2009,"na","FoliarFungicide",2.54699970154159
"52",4,2009,"na","SoilDrenchFungicide",4.30224635541411
"53",5,2009,"na","AllPesticides",3.15973003374578
"54",6,2009,"na","Fenced",2.43208403936949
"55",7,2009,"na","AllPesticides",2.32665508365975
"56",8,2009,"na","Control",2.15880538336528
"57",9,2009,"na","Insecticide",2.75306253569224
"58",10,2009,"na","FoliarFungicide",2.06659668430789
"59",11,2009,"na","SoilDrenchFungicide",2.92603919179895
"60",12,2009,"na","Fenced",1.50263928489769
"61",13,2009,"na","AllPesticides",2.9831453975241
"62",14,2009,"na","Control",2.44419105085844
"63",15,2009,"na","FoliarFungicide",2.65071674654067
"64",16,2009,"na","Insecticide",2.46249195584933
"65",17,2009,"na","SoilDrenchFungicide",3.16452605362114
"66",18,2009,"na","Fenced",2.67847022769627
"67",19,2009,"na","Insecticide",3.01580734089847
"68",20,2009,"na","SoilDrenchFungicide",2.63323821990007
"69",21,2009,"na","Fenced",2.35807582461414
"70",22,2009,"na","FoliarFungicide",3.54061755946827
"71",23,2009,"na","AllPesticides",3.15865752195148
"72",24,2009,"na","Control",1.64234853567045
"73",25,2009,"na","Fenced",1.83141052085264
"74",26,2009,"na","FoliarFungicide",2.27566545960459
"75",27,2009,"na","SoilDrenchFungicide",2.80797050995394
"76",28,2009,"na","AllPesticides",3.02065059145291
"77",29,2009,"na","Control",3.30077058836077
"78",30,2009,"na","Insecticide",3.39997921858472
"79",31,2009,"na","SoilDrenchFungicide",1.68857537044538
"80",32,2009,"na","Control",2.30874135240597
"81",33,2009,"na","Fenced",1.66729341909946
"82",34,2009,"na","AllPesticides",2.42627497225935
"83",35,2009,"na","Insecticide",2.25309018652096
"84",36,2009,"na","FoliarFungicide",2.8390336617388
"85",37,2009,"na","Control",2.02776240959438
"86",38,2009,"na","Fenced",1.53157037267692
"87",39,2009,"na","FoliarFungicide",1.87052992183943
"88",40,2009,"na","Insecticide",2.59941850115706
"89",41,2009,"na","AllPesticides",3.05136078043344
"90",42,2009,"na","SoilDrenchFungicide",2.28511280998755
"91",43,2009,"na","Fenced",2.60937450804727
"92",44,2009,"na","AllPesticides",2.89471967507438
"93",45,2009,"na","Insecticide",2.55732121362187
"94",46,2009,"na","SoilDrenchFungicide",2.35259449784688
"95",47,2009,"na","Control",2.61418929596654
"96",48,2009,"na","FoliarFungicide",3.10335512617387
"97",1,2010,"na","Insecticide",2.97514570683205
"98",2,2010,"na","Control",2.46345488357246
"99",3,2010,"na","FoliarFungicide",2.04768349963556
"100",4,2010,"na","SoilDrenchFungicide",2.36160423446473
"101",5,2010,"na","AllPesticides",2.73640274336601
"102",6,2010,"na","Fenced",1.70071468052216
"103",7,2010,"na","AllPesticides",5.16337232223071
"104",8,2010,"na","Control",2.19878536353685
"105",9,2010,"na","Insecticide",4.04579120000397
"106",10,2010,"na","FoliarFungicide",1.96504743132146
"107",11,2010,"na","SoilDrenchFungicide",1.67489697470965
"108",12,2010,"na","Fenced",1.97907765909566
"109",13,2010,"na","AllPesticides",2.7899407663425
"110",14,2010,"na","Control",3.63323538326135
"111",15,2010,"na","FoliarFungicide",3.94025829669642
"112",16,2010,"na","Insecticide",2.96277222033366
"113",17,2010,"na","SoilDrenchFungicide",1.90105633793933
"114",18,2010,"na","Fenced",2.15476618885094
"115",19,2010,"na","Insecticide",2.84092172485056
"116",20,2010,"na","SoilDrenchFungicide",3.04169406921678
"117",21,2010,"na","Fenced",3.89828998097532
"118",22,2010,"na","FoliarFungicide",6.25756978684628
"119",23,2010,"na","AllPesticides",5.00242652331946
"120",24,2010,"na","Control",4.19060588813685
"121",25,2010,"na","Fenced",2.86979423086837
"122",26,2010,"na","FoliarFungicide",3.15976654306806
"123",27,2010,"na","SoilDrenchFungicide",2.05216481064071
"124",28,2010,"na","AllPesticides",4.47818545514487
"125",29,2010,"na","Control",3.69781326579348
"126",30,2010,"na","Insecticide",2.50824917580389
"127",31,2010,"na","SoilDrenchFungicide",4.13061437778386
"128",32,2010,"na","Control",1.81151263953812
"129",33,2010,"na","Fenced",2.65616995694699
"130",34,2010,"na","AllPesticides",3.22893558380002
"131",35,2010,"na","Insecticide",2.7251172204043
"132",36,2010,"na","FoliarFungicide",2.95123409789074
"133",37,2010,"na","Control",2.08505928292168
"134",38,2010,"na","Fenced",2.65226748054705
"135",39,2010,"na","FoliarFungicide",2.19162798727127
"136",40,2010,"na","Insecticide",3.88845553046478
"137",41,2010,"na","AllPesticides",2.36132229225186
"138",42,2010,"na","SoilDrenchFungicide",1.76522240358561
"139",43,2010,"na","Fenced",3.01015396930616
"140",44,2010,"na","AllPesticides",4.21673561083051
"141",45,2010,"na","Insecticide",3.65360856458988
"142",46,2010,"na","SoilDrenchFungicide",1.85647787678859
"143",47,2010,"na","Control",2.51858489386485
"144",48,2010,"na","FoliarFungicide",4.34655103577182
"145",1,2011,"na","Insecticide",1.5144958521088
"146",2,2011,"na","Control",1.74708889416466
"147",3,2011,"na","FoliarFungicide",1.65897352005234
"148",4,2011,"na","SoilDrenchFungicide",2.49352516696367
"149",5,2011,"na","AllPesticides",2.303532999579
"150",6,2011,"na","Fenced",1.28621137675981
"151",7,2011,"na","AllPesticides",3.76691584062774
"152",8,2011,"na","Control",3.03675238629238
"153",9,2011,"na","Insecticide",1.91806638119638
"154",10,2011,"na","FoliarFungicide",3.91666680814724
"155",11,2011,"na","SoilDrenchFungicide",1.41318213671739
"156",12,2011,"na","Fenced",1.43825007258624
"157",13,2011,"na","AllPesticides",2.13755035000433
"158",14,2011,"na","Control",2.15484112998292
"159",15,2011,"na","FoliarFungicide",2.44558013585562
"160",16,2011,"na","Insecticide",1.57860318070431
"161",17,2011,"na","SoilDrenchFungicide",2.02061896355891
"162",18,2011,"na","Fenced",1.29641185499746
"163",19,2011,"na","Insecticide",2.97308516504591
"164",20,2011,"na","SoilDrenchFungicide",1.84501180139518
"165",21,2011,"na","Fenced",1.98589117025262
"166",22,2011,"na","FoliarFungicide",3.39381020680594
"167",23,2011,"na","AllPesticides",3.66418908874684
"168",24,2011,"na","Control",3.42189651046754
"169",25,2011,"na","Fenced",2.93729639614334
"170",26,2011,"na","FoliarFungicide",2.39039528505322
"171",27,2011,"na","SoilDrenchFungicide",2.03160431292785
"172",28,2011,"na","AllPesticides",2.26527593567819
"173",29,2011,"na","Control",2.06212533314409
"174",30,2011,"na","Insecticide",2.05492405920611
"175",31,2011,"na","SoilDrenchFungicide",3.12753866579376
"176",32,2011,"na","Control",2.35391049140161
"177",33,2011,"na","Fenced",1.55779502100095
"178",34,2011,"na","AllPesticides",2.80503641416661
"179",35,2011,"na","Insecticide",2.07126522669771
"180",36,2011,"na","FoliarFungicide",2.7426288041281
"181",37,2011,"na","Control",1.77450437867712
"182",38,2011,"na","Fenced",2.36434170428832
"183",39,2011,"na","FoliarFungicide",2.10326081664502
"184",40,2011,"na","Insecticide",2.73366386860266
"185",41,2011,"na","AllPesticides",1.57093017513603
"186",42,2011,"na","SoilDrenchFungicide",1.68965913320586
"187",43,2011,"na","Fenced",2.02094842618955
"188",44,2011,"na","AllPesticides",4.0588005639459
"189",45,2011,"na","Insecticide",2.9123637239942
"190",46,2011,"na","SoilDrenchFungicide",1.79922093257894
"191",47,2011,"na","Control",1.53213480732213
"192",48,2011,"na","FoliarFungicide",3.16376344214626
"193",1,2012,"na","Insecticide",1.56128363232927
"194",2,2012,"na","Control",1.47031503956502
"195",3,2012,"na","FoliarFungicide",2.57197872256837
"196",4,2012,"na","SoilDrenchFungicide",3.26478395956899
"197",5,2012,"na","AllPesticides",1.6720212625447
"198",6,2012,"na","Fenced",1.5203655136135
"199",7,2012,"na","AllPesticides",3.7501937999685
"200",8,2012,"na","Control",2.83223193918014
"201",9,2012,"na","Insecticide",3.18964011330591
"202",10,2012,"na","FoliarFungicide",2.41300842432679
"203",11,2012,"na","SoilDrenchFungicide",2.79293661676318
"204",12,2012,"na","Fenced",1.8706035490023
"205",13,2012,"na","AllPesticides",2.9334539044588
"206",14,2012,"na","Control",2.66032828837331
"207",15,2012,"na","FoliarFungicide",2.72076494110667
"208",16,2012,"na","Insecticide",1.61108274200784
"209",17,2012,"na","SoilDrenchFungicide",2.07771306766473
"210",18,2012,"na","Fenced",3.39673770376526
"211",19,2012,"na","Insecticide",2.33510821608779
"212",20,2012,"na","SoilDrenchFungicide",4.69009114152287
"213",21,2012,"na","Fenced",2.63783169064036
"214",22,2012,"na","FoliarFungicide",4.0408454521722
"215",23,2012,"na","AllPesticides",1.90162921662448
"216",24,2012,"na","Control",2.05153689834512
"217",25,2012,"na","Fenced",3.34714924537769
"218",26,2012,"na","FoliarFungicide",2.99313913995008
"219",27,2012,"na","SoilDrenchFungicide",3.47216138261632
"220",28,2012,"na","AllPesticides",2.54663516196608
"221",29,2012,"na","Control",2.56455576702625
"222",30,2012,"na","Insecticide",1.56991781185094
"223",31,2012,"na","SoilDrenchFungicide",4.96084038506147
"224",32,2012,"na","Control",1.35544263801192
"225",33,2012,"na","Fenced",2.52190915728661
"226",34,2012,"na","AllPesticides",3.8197477264842
"227",35,2012,"na","Insecticide",1.98577737230132
"228",36,2012,"na","FoliarFungicide",2.95290412390344
"229",37,2012,"na","Control",1.23945459518404
"230",38,2012,"na","Fenced",2.59362982664103
"231",39,2012,"na","FoliarFungicide",1.69648500510064
"232",40,2012,"na","Insecticide",2.39218815297231
"233",41,2012,"na","AllPesticides",2.63464909843705
"234",42,2012,"na","SoilDrenchFungicide",2.40532520999532
"235",43,2012,"na","Fenced",1.65156893196627
"236",44,2012,"na","AllPesticides",4.53411946938483
"237",45,2012,"na","Insecticide",4.18374057478541
"238",46,2012,"na","SoilDrenchFungicide",2.45437918324466
"239",47,2012,"na","Control",3.75777795440221
"240",48,2012,"na","FoliarFungicide",5.08143965120466
"241",1,2013,"na","Insecticide",1.56701925325148
"242",2,2013,"na","Control",1.7454856380193
"243",3,2013,"na","FoliarFungicide",2.27737152948624
"244",4,2013,"na","SoilDrenchFungicide",2.01469401330577
"245",5,2013,"na","AllPesticides",1.65948562147074
"246",6,2013,"na","Fenced",1.43714092429201
"247",7,2013,"na","AllPesticides",1.58140834577305
"248",8,2013,"na","Control",2.73198064558068
"249",9,2013,"na","Insecticide",2.68667082591591
"250",10,2013,"na","FoliarFungicide",1.7591940448034
"251",11,2013,"na","SoilDrenchFungicide",1.83549125311003
"252",12,2013,"na","Fenced",3.53893338655969
"253",13,2013,"na","AllPesticides",2.2182578643594
"254",14,2013,"na","Control",1.95842902750084
"255",15,2013,"na","FoliarFungicide",4.15601486841768
"256",16,2013,"na","Insecticide",2.38918728006512
"257",17,2013,"na","SoilDrenchFungicide",2.52361061886713
"258",18,2013,"na","Fenced",2.70940311370798
"259",19,2013,"na","Insecticide",3.55427889584104
"260",20,2013,"na","SoilDrenchFungicide",1.81807955903705
"261",21,2013,"na","Fenced",2.3514365862641
"262",22,2013,"na","FoliarFungicide",3.00916837295259
"263",23,2013,"na","AllPesticides",3.74419453687877
"264",24,2013,"na","Control",3.445838062419
"265",25,2013,"na","Fenced",2.30792937607893
"266",26,2013,"na","FoliarFungicide",3.68813728411494
"267",27,2013,"na","SoilDrenchFungicide",2.42549601691476
"268",28,2013,"na","AllPesticides",1.8880656221338
"269",29,2013,"na","Control",1.57573526861364
"270",30,2013,"na","Insecticide",1.87091070229943
"271",31,2013,"na","SoilDrenchFungicide",3.15902180363439
"272",32,2013,"na","Control",2.37344031034434
"273",33,2013,"na","Fenced",1.77578108552712
"274",34,2013,"na","AllPesticides",1.22006504233001
"275",35,2013,"na","Insecticide",3.32427408784259
"276",36,2013,"na","FoliarFungicide",3.09617520560429
"277",37,2013,"na","Control",2.2785588381963
"278",38,2013,"na","Fenced",1.95668729938559
"279",39,2013,"na","FoliarFungicide",2.11469723221311
"280",40,2013,"na","Insecticide",2.70857932999518
"281",41,2013,"na","AllPesticides",1.79950513928011
"282",42,2013,"na","SoilDrenchFungicide",3.05689702474804
"283",43,2013,"na","Fenced",2.15799676555436
"284",44,2013,"na","AllPesticides",2.91211617067519
"285",45,2013,"na","Insecticide",4.11171423243023
"286",46,2013,"na","SoilDrenchFungicide",3.21815288553773
"287",47,2013,"na","Control",2.26225866953237
"288",48,2013,"na","FoliarFungicide",3.6883417740602
"289",1,2014,"na","Insecticide",3.39192902087018
"290",2,2014,"na","Control",2.66252653651448
"291",3,2014,"na","FoliarFungicide",5.22893565928518
"292",4,2014,"na","SoilDrenchFungicide",3.19445506313164
"293",5,2014,"na","AllPesticides",3.5352284741149
"294",6,2014,"na","Fenced",3.22146069822232
"295",7,2014,"na","AllPesticides",4.24492367397131
"296",8,2014,"na","Control",2.39497559088278
"297",9,2014,"na","Insecticide",2.10612582971133
"298",10,2014,"na","FoliarFungicide",3.11498893969549
"299",11,2014,"na","SoilDrenchFungicide",3.02616671414453
"300",12,2014,"na","Fenced",3.92003602446756
"301",13,2014,"na","AllPesticides",3.70716339440477
"302",14,2014,"na","Control",4.90403742367828
"303",15,2014,"na","FoliarFungicide",4.8135472687675
"304",16,2014,"na","Insecticide",5.94912036565757
"305",17,2014,"na","SoilDrenchFungicide",2.97533082845242
"306",18,2014,"na","Fenced",3.43990939044481
"307",19,2014,"na","Insecticide",6.65377001113948
"308",20,2014,"na","SoilDrenchFungicide",5.72021373959259
"309",21,2014,"na","Fenced",3.6635655474612
"310",22,2014,"na","FoliarFungicide",4.01582585762488
"311",23,2014,"na","AllPesticides",2.87876091700901
"312",24,2014,"na","Control",3.36833894061746
"313",25,2014,"na","Fenced",2.89177210929408
"314",26,2014,"na","FoliarFungicide",2.4988186502081
"315",27,2014,"na","SoilDrenchFungicide",2.98865675432947
"316",28,2014,"na","AllPesticides",3.93466851932405
"317",29,2014,"na","Control",2.50032675489916
"318",30,2014,"na","Insecticide",2.80352458800846
"319",31,2014,"na","SoilDrenchFungicide",2.85156910617519
"320",32,2014,"na","Control",2.22876117904799
"321",33,2014,"na","Fenced",1.9711029086917
"322",34,2014,"na","AllPesticides",3.0189639514241
"323",35,2014,"na","Insecticide",3.87282736623058
"324",36,2014,"na","FoliarFungicide",2.74730434714443
"325",37,2014,"na","Control",2.44947158033074
"326",38,2014,"na","Fenced",3.92425781327531
"327",39,2014,"na","FoliarFungicide",5.23993725565328
"328",40,2014,"na","Insecticide",3.03357411161066
"329",41,2014,"na","AllPesticides",2.12040481581229
"330",42,2014,"na","SoilDrenchFungicide",2.69799542042393
"331",43,2014,"na","Fenced",2.30564053378452
"332",44,2014,"na","AllPesticides",4.54482525962019
"333",45,2014,"na","Insecticide",1.98384095380079
"334",46,2014,"na","SoilDrenchFungicide",2.33280249733826
"335",47,2014,"na","Control",5.53232121621841
"336",48,2014,"na","FoliarFungicide",4.6198573036286
"337",1,2015,"na","Insecticide",2.41986017092358
"338",2,2015,"na","Control",1.99290449565952
"339",3,2015,"na","FoliarFungicide",2.13114960514502
"340",4,2015,"na","SoilDrenchFungicide",1.47155522186286
"341",5,2015,"na","AllPesticides",2.44761520787989
"342",6,2015,"na","Fenced",2.0808953414745
"343",7,2015,"na","AllPesticides",2.76010926027931
"344",8,2015,"na","Control",4.75341726442218
"345",9,2015,"na","Insecticide",2.48259519690937
"346",10,2015,"na","FoliarFungicide",3.49391886322184
"347",11,2015,"na","SoilDrenchFungicide",2.55754596891161
"348",12,2015,"na","Fenced",3.63016919188371
"349",13,2015,"na","AllPesticides",2.22084354119927
"350",14,2015,"na","Control",2.50332623538216
"351",15,2015,"na","FoliarFungicide",5.30988380442974
"352",16,2015,"na","Insecticide",1.35305750019697
"353",17,2015,"na","SoilDrenchFungicide",4.03277647038705
"354",18,2015,"na","Fenced",5.11038626378982
"355",19,2015,"na","Insecticide",4.83277519259307
"356",20,2015,"na","SoilDrenchFungicide",5.77116275130832
"357",21,2015,"na","Fenced",2.3199117025069
"358",22,2015,"na","FoliarFungicide",4.09461290433231
"359",23,2015,"na","AllPesticides",4.58021038392678
"360",24,2015,"na","Control",3.44787233247971
"361",25,2015,"na","Fenced",3.25760479398304
"362",26,2015,"na","FoliarFungicide",3.39849282769407
"363",27,2015,"na","SoilDrenchFungicide",3.86369268934195
"364",28,2015,"na","AllPesticides",2.9262930725124
"365",29,2015,"na","Control",1.86872024663025
"366",30,2015,"na","Insecticide",2.31457737497015
"367",31,2015,"na","SoilDrenchFungicide",6.97115305444214
"368",32,2015,"na","Control",2.8541846031037
"369",33,2015,"na","Fenced",1.54701326569409
"370",34,2015,"na","AllPesticides",3.55861617817904
"371",35,2015,"na","Insecticide",4.41172104087163
"372",36,2015,"na","FoliarFungicide",2.33627379266881
"373",37,2015,"na","Control",4.34041221841957
"374",38,2015,"na","Fenced",2.03855290058274
"375",39,2015,"na","FoliarFungicide",1.80231369020325
"376",40,2015,"na","Insecticide",2.60953643489298
"377",41,2015,"na","AllPesticides",1.74427983370737
"378",42,2015,"na","SoilDrenchFungicide",3.464746898128
"379",43,2015,"na","Fenced",5.02208746259464
"380",44,2015,"na","AllPesticides",2.35717175227142
"381",45,2015,"na","Insecticide",3.88979324711973
"382",46,2015,"na","SoilDrenchFungicide",3.80289217831131
"383",47,2015,"na","Control",4.01861133452593
"384",48,2015,"na","FoliarFungicide",2.80689873463626
"385",1,2016,"na","Insecticide",3.11922701632973
"386",2,2016,"na","Control",2.77532213290697
"387",3,2016,"na","FoliarFungicide",1.86607683042848
"388",4,2016,"na","SoilDrenchFungicide",3.24441724721905
"389",5,2016,"na","AllPesticides",1.47577339445234
"390",6,2016,"na","Fenced",3.93993002308762
"391",7,2016,"na","AllPesticides",3.25816960263205
"392",8,2016,"na","Control",2.7531207835632
"393",9,2016,"na","Insecticide",5.79827924810624
"394",10,2016,"na","FoliarFungicide",2.51167973474296
"395",11,2016,"na","SoilDrenchFungicide",1.81435240515019
"396",12,2016,"na","Fenced",5.42677268117651
"397",13,2016,"na","AllPesticides",2.94595597875829
"398",14,2016,"na","Control",2.59255488345101
"399",15,2016,"na","FoliarFungicide",4.36569918921057
"400",16,2016,"na","Insecticide",4.32497113305028
"401",17,2016,"na","SoilDrenchFungicide",5.03617993984669
"402",18,2016,"na","Fenced",5.51259854318848
"403",19,2016,"na","Insecticide",5.92685067604447
"404",20,2016,"na","SoilDrenchFungicide",4.4998952233993
"405",21,2016,"na","Fenced",6.10494317037261
"406",22,2016,"na","FoliarFungicide",3.41084707198308
"407",23,2016,"na","AllPesticides",6.55657929679091
"408",24,2016,"na","Control",4.76461145397063
"409",25,2016,"na","Fenced",2.64411349847019
"410",26,2016,"na","FoliarFungicide",2.49411685848669
"411",27,2016,"na","SoilDrenchFungicide",4.46463063055228
"412",28,2016,"na","AllPesticides",4.0176022347102
"413",29,2016,"na","Control",6.27150549867273
"414",30,2016,"na","Insecticide",2.82744489329061
"415",31,2016,"na","SoilDrenchFungicide",4.08078589930249
"416",32,2016,"na","Control",3.28665875118297
"417",33,2016,"na","Fenced",4.01520128535974
"418",34,2016,"na","AllPesticides",1.90464958629319
"419",35,2016,"na","Insecticide",3.84979709483105
"420",36,2016,"na","FoliarFungicide",2.64240019155284
"421",37,2016,"na","Control",1.75720241040255
"422",38,2016,"na","Fenced",4.22883280267143
"423",39,2016,"na","FoliarFungicide",3.40830614311585
"424",40,2016,"na","Insecticide",2.05682275304289
"425",41,2016,"na","AllPesticides",2.17790623632875
"426",42,2016,"na","SoilDrenchFungicide",3.17320755619845
"427",43,2016,"na","Fenced",4.37756224308589
"428",44,2016,"na","AllPesticides",5.4771994158623
"429",45,2016,"na","Insecticide",6.40975538859714
"430",46,2016,"na","SoilDrenchFungicide",3.80562336758409
"431",47,2016,"na","Control",4.04139980997169
"432",48,2016,"na","FoliarFungicide",5.12108272704926
"433",1,2017,"na","Insecticide",1.74081295294559
"434",2,2017,"na","Control",2.76081856636319
"435",3,2017,"na","FoliarFungicide",3.9507773088456
"436",4,2017,"na","SoilDrenchFungicide",3.19784883838016
"437",5,2017,"na","AllPesticides",1.65044786349958
"438",6,2017,"na","Fenced",2.35375295008962
"439",7,2017,"na","AllPesticides",3.75226822153652
"440",8,2017,"na","Control",3.71316360470893
"441",9,2017,"na","Insecticide",5.47460111813408
"442",10,2017,"na","FoliarFungicide",2.39728856945283
"443",11,2017,"na","SoilDrenchFungicide",1.99317583801254
"444",12,2017,"na","Fenced",3.42158859363427
"445",13,2017,"na","AllPesticides",2.99070907489625
"446",14,2017,"na","Control",3.83238921070394
"447",15,2017,"na","FoliarFungicide",7.75915413317952
"448",16,2017,"na","Insecticide",2.64925963330259
"449",17,2017,"na","SoilDrenchFungicide",3.75310169946133
"450",18,2017,"na","Fenced",3.45282043365812
"451",19,2017,"na","Insecticide",4.09049200424812
"452",20,2017,"na","SoilDrenchFungicide",3.16528978971757
"453",21,2017,"na","Fenced",4.35932958622594
"454",22,2017,"na","FoliarFungicide",5.94637505821535
"455",23,2017,"na","AllPesticides",5.98121237557649
"456",24,2017,"na","Control",4.69332771630671
"457",25,2017,"na","Fenced",3.2099900520289
"458",26,2017,"na","FoliarFungicide",2.86057586629048
"459",27,2017,"na","SoilDrenchFungicide",3.0210004904847
"460",28,2017,"na","AllPesticides",2.61015100717036
"461",29,2017,"na","Control",2.78931326949225
"462",30,2017,"na","Insecticide",3.01214116787356
"463",31,2017,"na","SoilDrenchFungicide",4.17082359310002
"464",32,2017,"na","Control",4.07987266966652
"465",33,2017,"na","Fenced",2.6682322586477
"466",34,2017,"na","AllPesticides",2.99048837177697
"467",35,2017,"na","Insecticide",3.64378366085944
"468",36,2017,"na","FoliarFungicide",3.70008923439244
"469",37,2017,"na","Control",1.60049373155585
"470",38,2017,"na","Fenced",2.86215320819618
"471",39,2017,"na","FoliarFungicide",2.54850566854646
"472",40,2017,"na","Insecticide",2.12193331568978
"473",41,2017,"na","AllPesticides",1.58930610968818
"474",42,2017,"na","SoilDrenchFungicide",2.47190019253452
"475",43,2017,"na","Fenced",4.4695397794553
"476",44,2017,"na","AllPesticides",2.99003093878237
"477",45,2017,"na","Insecticide",2.77829416623785
"478",46,2017,"na","SoilDrenchFungicide",3.64124199409467
"479",47,2017,"na","Control",2.53469810130566
"480",48,2017,"na","FoliarFungicide",3.05271465879631
"481",1,2018,"na","Insecticide",3.61704079544623
"482",2,2018,"na","Control",2.86965237816948
"483",3,2018,"na","FoliarFungicide",4.13928600498642
"484",4,2018,"na","SoilDrenchFungicide",2.39555929335683
"485",5,2018,"na","AllPesticides",2.75648425289334
"486",6,2018,"na","Fenced",3.13610948187258
"487",7,2018,"na","AllPesticides",4.35123705711949
"488",8,2018,"na","Control",4.35160735382511
"489",9,2018,"na","Insecticide",8.81687778283286
"490",10,2018,"na","FoliarFungicide",2.79774694668985
"491",11,2018,"na","SoilDrenchFungicide",3.92580222403442
"492",12,2018,"na","Fenced",3.18792276472759
"493",13,2018,"na","AllPesticides",2.56619134539916
"494",14,2018,"na","Control",4.27446815660482
"495",15,2018,"na","FoliarFungicide",3.41550514700606
"496",16,2018,"na","Insecticide",3.47746694143912
"497",17,2018,"na","SoilDrenchFungicide",5.5285305251542
"498",18,2018,"na","Fenced",4.86247878551365
"499",19,2018,"na","Insecticide",3.64783812029469
"500",20,2018,"na","SoilDrenchFungicide",5.02962863173203
"501",21,2018,"na","Fenced",6.88631228369743
"502",22,2018,"na","FoliarFungicide",4.91923354834626
"503",23,2018,"na","AllPesticides",2.68274652201016
"504",24,2018,"na","Control",3.80362561836531
"505",25,2018,"na","Fenced",5.56105756271153
"506",26,2018,"na","FoliarFungicide",2.68629088785723
"507",27,2018,"na","SoilDrenchFungicide",2.56312945965683
"508",28,2018,"na","AllPesticides",4.26895925126325
"509",29,2018,"na","Control",3.16995707262674
"510",30,2018,"na","Insecticide",2.84364079447841
"511",31,2018,"na","SoilDrenchFungicide",3.80836458265651
"512",32,2018,"na","Control",1.61731577335727
"513",33,2018,"na","Fenced",2.41631876976912
"514",34,2018,"na","AllPesticides",2.64661186077595
"515",35,2018,"na","Insecticide",3.26497533861347
"516",36,2018,"na","FoliarFungicide",3.47645749779824
"517",37,2018,"na","Control",2.81917074681173
"518",38,2018,"na","Fenced",2.03644222779564
"519",39,2018,"na","FoliarFungicide",5.2798309950008
"520",40,2018,"na","Insecticide",3.51320270792031
"521",41,2018,"na","AllPesticides",1.82525124994834
"522",42,2018,"na","SoilDrenchFungicide",2.9728404434681
"523",43,2018,"na","Fenced",2.72568185574709
"524",44,2018,"na","AllPesticides",6.60797256702747
"525",45,2018,"na","Insecticide",3.05833402739444
"526",46,2018,"na","SoilDrenchFungicide",2.26121166705323
"527",47,2018,"na","Control",3.67513130213561
"528",48,2018,"na","FoliarFungicide",3.90520935146164
"529",1,2019,"East","Insecticide",4.49617839920066
"530",1,2019,"West","Insecticide",4.50748885604381
"531",2,2019,"East","Control",4.94173163842008
"532",2,2019,"West","Control",7.26552200257261
"533",3,2019,"East","FoliarFungicide",5.4733653239106
"534",3,2019,"West","FoliarFungicide",7.91181982587871
"535",4,2019,"East","SoilDrenchFungicide",3.66348118522941
"536",4,2019,"West","SoilDrenchFungicide",3.66083851907543
"537",5,2019,"East","AllPesticides",2.80748342620631
"538",5,2019,"West","AllPesticides",6.64695576652022
"539",6,2019,"East","Fenced",3.46029195638579
"540",6,2019,"West","Fenced",5.71072526681388
"541",7,2019,"East","AllPesticides",3.27919610603295
"542",7,2019,"West","AllPesticides",5.98309613946703
"543",8,2019,"East","Control",4.47663623287379
"544",8,2019,"West","Control",3.94367219974225
"545",9,2019,"East","Insecticide",4.501059559366
"546",9,2019,"West","Insecticide",5.82796374566972
"547",10,2019,"East","FoliarFungicide",2.39152996105
"548",10,2019,"West","FoliarFungicide",5.50118538316427
"549",11,2019,"East","SoilDrenchFungicide",3.9547675063037
"550",11,2019,"West","SoilDrenchFungicide",3.04454931486742
"551",12,2019,"East","Fenced",4.85904883706914
"552",12,2019,"West","Fenced",6.28043238763722
"553",13,2019,"East","AllPesticides",2.5302635600017
"554",13,2019,"West","AllPesticides",4.25579411156388
"555",14,2019,"East","Control",4.65913525627775
"556",14,2019,"West","Control",5.34762853820461
"557",15,2019,"East","FoliarFungicide",4.82036686834893
"558",15,2019,"West","FoliarFungicide",3.06099379454512
"559",16,2019,"East","Insecticide",4.92886879966406
"560",16,2019,"West","Insecticide",4.40818070966203
"561",17,2019,"East","SoilDrenchFungicide",4.84868370686026
"562",17,2019,"West","SoilDrenchFungicide",6.52769946160723
"563",18,2019,"East","Fenced",4.35079653472572
"564",18,2019,"West","Fenced",7.23003070809333
"565",19,2019,"East","Insecticide",5.47046033501174
"566",19,2019,"West","Insecticide",2.59261262690226
"567",20,2019,"East","SoilDrenchFungicide",3.53957241635636
"568",20,2019,"West","SoilDrenchFungicide",4.12053547884594
"569",21,2019,"East","Fenced",6.66980426227541
"570",21,2019,"West","Fenced",7.45981898055131
"571",22,2019,"East","FoliarFungicide",6.77752545378641
"572",22,2019,"West","FoliarFungicide",4.34656598166711
"573",23,2019,"East","AllPesticides",6.08953186132365
"574",23,2019,"West","AllPesticides",7.75339473663149
"575",24,2019,"East","Control",2.14829479744478
"576",24,2019,"West","Control",4.70593544706948
"577",25,2019,"East","Fenced",3.04312590318864
"578",25,2019,"West","Fenced",4.6128250066189
"579",26,2019,"East","FoliarFungicide",3.21429291830666
"580",26,2019,"West","FoliarFungicide",4.98770955591217
"581",27,2019,"East","SoilDrenchFungicide",4.03499095061622
"582",27,2019,"West","SoilDrenchFungicide",4.52915309411822
"583",28,2019,"East","AllPesticides",3.80807180532085
"584",28,2019,"West","AllPesticides",2.77928077241226
"585",29,2019,"East","Control",4.64213354589825
"586",29,2019,"West","Control",6.31520087467914
"587",30,2019,"East","Insecticide",2.81836943447466
"588",30,2019,"West","Insecticide",5.79935948420369
"589",31,2019,"East","SoilDrenchFungicide",2.68765825608835
"590",31,2019,"West","SoilDrenchFungicide",6.64973043769177
"591",32,2019,"East","Control",2.66775662712225
"592",32,2019,"West","Control",4.38916268588065
"593",33,2019,"East","Fenced",2.11694570109917
"594",33,2019,"West","Fenced",4.33396043121329
"595",34,2019,"East","AllPesticides",3.29756595513656
"596",34,2019,"West","AllPesticides",6.40898687063789
"597",35,2019,"East","Insecticide",5.09403180971
"598",35,2019,"West","Insecticide",5.07772290730379
"599",36,2019,"East","FoliarFungicide",2.96668840443098
"600",36,2019,"West","FoliarFungicide",4.01623832062258
"601",37,2019,"East","Control",3.1739265417093
"602",37,2019,"West","Control",2.63680291681364
"603",38,2019,"East","Fenced",4.30959328350415
"604",38,2019,"West","Fenced",4.58450224180072
"605",39,2019,"East","FoliarFungicide",4.05776432050412
"606",39,2019,"West","FoliarFungicide",5.49073419212183
"607",40,2019,"East","Insecticide",2.72854427644434
"608",40,2019,"West","Insecticide",3.62030178921734
"609",41,2019,"East","AllPesticides",4.58992241243219
"610",41,2019,"West","AllPesticides",5.06908319817336
"611",42,2019,"East","SoilDrenchFungicide",4.33200388600588
"612",42,2019,"West","SoilDrenchFungicide",6.09651103537742
"613",43,2019,"East","Fenced",5.79224342947741
"614",43,2019,"West","Fenced",5.48302167823847
"615",44,2019,"East","AllPesticides",9.45771964802038
"616",44,2019,"West","AllPesticides",7.12284159299911
"617",45,2019,"East","Insecticide",6.6487715214563
"618",45,2019,"West","Insecticide",5.18223293874068
"619",46,2019,"East","SoilDrenchFungicide",5.0026116143626
"620",46,2019,"West","SoilDrenchFungicide",3.58766023688663
"621",47,2019,"East","Control",7.2437704831444
"622",47,2019,"West","Control",6.11314245234155
"623",48,2019,"East","FoliarFungicide",2.867800607238
"624",48,2019,"West","FoliarFungicide",5.85868329417538
"625",1,2020,"East","Insecticide",2.92028888729081
"626",1,2020,"West","Insecticide",3.75805277449371
"627",2,2020,"East","Control",3.7342491994393
"628",2,2020,"West","Control",3.65106484890746
"629",3,2020,"East","FoliarFungicide",4.5714654756446
"630",3,2020,"West","FoliarFungicide",5.50496668722787
"631",4,2020,"East","SoilDrenchFungicide",3.10259617705796
"632",4,2020,"West","SoilDrenchFungicide",3.48735796075399
"633",5,2020,"East","AllPesticides",3.06681923271804
"634",5,2020,"West","AllPesticides",4.40621891329236
"635",6,2020,"East","Fenced",3.04957544049187
"636",6,2020,"West","Fenced",3.1952365772084
"637",7,2020,"East","AllPesticides",2.51908436384174
"638",7,2020,"West","AllPesticides",4.71280869621774
"639",8,2020,"East","Control",4.56491330322017
"640",8,2020,"West","Control",4.42576870684306
"641",9,2020,"East","Insecticide",4.27744414704623
"642",9,2020,"West","Insecticide",5.23514996925122
"643",10,2020,"East","FoliarFungicide",3.15861318134645
"644",10,2020,"West","FoliarFungicide",2.53890050449772
"645",11,2020,"East","SoilDrenchFungicide",2.90959243089108
"646",11,2020,"West","SoilDrenchFungicide",5.59895400220751
"647",12,2020,"East","Fenced",2.29908514325129
"648",12,2020,"West","Fenced",5.11449210027931
"649",13,2020,"East","AllPesticides",2.82480107882385
"650",13,2020,"West","AllPesticides",6.81384390190446
"651",14,2020,"East","Control",5.55893126234913
"652",14,2020,"West","Control",4.75430817486517
"653",15,2020,"East","FoliarFungicide",5.22213580977137
"654",15,2020,"West","FoliarFungicide",3.30340337288439
"655",16,2020,"East","Insecticide",3.47127496030181
"656",16,2020,"West","Insecticide",4.31690484312675
"657",17,2020,"East","SoilDrenchFungicide",4.83552443923169
"658",17,2020,"West","SoilDrenchFungicide",2.8127868424317
"659",18,2020,"East","Fenced",7.49234958616224
"660",18,2020,"West","Fenced",5.17528471354422
"661",19,2020,"East","Insecticide",3.76338883245592
"662",19,2020,"West","Insecticide",3.77195468146014
"663",20,2020,"East","SoilDrenchFungicide",6.85585388160307
"664",20,2020,"West","SoilDrenchFungicide",4.26344421510989
"665",21,2020,"East","Fenced",6.5030325008452
"666",21,2020,"West","Fenced",3.23247391382785
"667",22,2020,"East","FoliarFungicide",5.26424781227604
"668",22,2020,"West","FoliarFungicide",4.88935431505094
"669",23,2020,"East","AllPesticides",4.13571062079616
"670",23,2020,"West","AllPesticides",4.47219771346004
"671",24,2020,"East","Control",3.88924120321911
"672",24,2020,"West","Control",5.77482623795992
"673",25,2020,"East","Fenced",2.58284815718695
"674",25,2020,"West","Fenced",4.6012667935759
"675",26,2020,"East","FoliarFungicide",2.95644813352582
"676",26,2020,"West","FoliarFungicide",5.14804058879575
"677",27,2020,"East","SoilDrenchFungicide",5.03509503795245
"678",27,2020,"West","SoilDrenchFungicide",2.85171122516902
"679",28,2020,"East","AllPesticides",3.63343946344287
"680",28,2020,"West","AllPesticides",4.33820369458825
"681",29,2020,"East","Control",2.31649565845991
"682",29,2020,"West","Control",4.08729914306524
"683",30,2020,"East","Insecticide",2.66262170884869
"684",30,2020,"West","Insecticide",2.71272167263862
"685",31,2020,"East","SoilDrenchFungicide",1.98773631885571
"686",31,2020,"West","SoilDrenchFungicide",4.07543388694134
"687",32,2020,"East","Control",2.83402326130839
"688",32,2020,"West","Control",4.26280466652281
"689",33,2020,"East","Fenced",2.17335749803143
"690",33,2020,"West","Fenced",3.26390094790667
"691",34,2020,"East","AllPesticides",1.89562283800188
"692",34,2020,"West","AllPesticides",3.88003909526501
"693",35,2020,"East","Insecticide",3.7355723449425
"694",35,2020,"West","Insecticide",3.84932111442868
"695",36,2020,"East","FoliarFungicide",2.7270468328702
"696",36,2020,"West","FoliarFungicide",4.29263885089847
"697",37,2020,"East","Control",1.8189225776816
"698",37,2020,"West","Control",3.19709290535929
"699",38,2020,"East","Fenced",2.80380887660713
"700",38,2020,"West","Fenced",4.19416693778978
"701",39,2020,"East","FoliarFungicide",6.92193473499149
"702",39,2020,"West","FoliarFungicide",3.43320004126049
"703",40,2020,"East","Insecticide",1.75213316507697
"704",40,2020,"West","Insecticide",3.13828778441956
"705",41,2020,"East","AllPesticides",3.44598818848275
"706",41,2020,"West","AllPesticides",4.00309073606833
"707",42,2020,"East","SoilDrenchFungicide",1.87509846540676
"708",42,2020,"West","SoilDrenchFungicide",3.26401602125538
"709",43,2020,"East","Fenced",4.73600503834564
"710",43,2020,"West","Fenced",5.4724645415854
"711",44,2020,"East","AllPesticides",6.03321915530899
"712",44,2020,"West","AllPesticides",3.90241212717381
"713",45,2020,"East","Insecticide",6.79476389966134
"714",45,2020,"West","Insecticide",2.91274389194638
"715",46,2020,"East","SoilDrenchFungicide",5.00903376086348
"716",46,2020,"West","SoilDrenchFungicide",2.95888719477584
"717",47,2020,"East","Control",5.46677870289121
"718",47,2020,"West","Control",4.89699394206076
"719",48,2020,"East","FoliarFungicide",6.2279688126262
"720",48,2020,"West","FoliarFungicide",5.57610692483049
"721",1,2021,"East","Insecticide",2.84831797557265
"722",1,2021,"West","Insecticide",2.11496001739388
"723",2,2021,"East","Control",3.85484985168028
"724",2,2021,"West","Control",4.96365820201868
"725",3,2021,"East","FoliarFungicide",3.66633356797197
"726",3,2021,"West","FoliarFungicide",2.19972275469902
"727",4,2021,"East","SoilDrenchFungicide",2.7959228862068
"728",4,2021,"West","SoilDrenchFungicide",1.88378748951691
"729",5,2021,"East","AllPesticides",2.75189919410512
"730",5,2021,"West","AllPesticides",3.58133440294304
"731",6,2021,"East","Fenced",1.84587330826207
"732",6,2021,"West","Fenced",2.90966541591743
"733",7,2021,"East","AllPesticides",3.4529402014713
"734",7,2021,"West","AllPesticides",4.86481212592591
"735",8,2021,"East","Control",2.13404881497894
"736",8,2021,"West","Control",1.62398302058569
"737",9,2021,"East","Insecticide",2.6494469474724
"738",9,2021,"West","Insecticide",4.09108066878219
"739",10,2021,"East","FoliarFungicide",3.43798567762983
"740",10,2021,"West","FoliarFungicide",1.71329953388631
"741",11,2021,"East","SoilDrenchFungicide",2.21402200617237
"742",11,2021,"West","SoilDrenchFungicide",1.89300608667393
"743",12,2021,"East","Fenced",2.0160546009197
"744",12,2021,"West","Fenced",2.4654264227617
"745",13,2021,"East","AllPesticides",3.68490868884394
"746",13,2021,"West","AllPesticides",4.32307268108673
"747",14,2021,"East","Control",3.864069951847
"748",14,2021,"West","Control",1.83372456749256
"749",15,2021,"East","FoliarFungicide",6.75673160369566
"750",15,2021,"West","FoliarFungicide",2.11693606195233
"751",16,2021,"East","Insecticide",2.22820343224457
"752",16,2021,"West","Insecticide",2.8355446107598
"753",17,2021,"East","SoilDrenchFungicide",3.50978167243256
"754",17,2021,"West","SoilDrenchFungicide",2.68327691900295
"755",18,2021,"East","Fenced",6.55406567699894
"756",18,2021,"West","Fenced",1.94972808274638
"757",19,2021,"East","Insecticide",4.26772971640851
"758",19,2021,"West","Insecticide",2.06706878848006
"759",20,2021,"East","SoilDrenchFungicide",5.74564771824718
"760",20,2021,"West","SoilDrenchFungicide",3.36529391145883
"761",21,2021,"East","Fenced",5.07732675663435
"762",21,2021,"West","Fenced",2.1229432962074
"763",22,2021,"East","FoliarFungicide",7.94757004829214
"764",22,2021,"West","FoliarFungicide",4.05738720251442
"765",23,2021,"East","AllPesticides",3.62592337670299
"766",24,2021,"East","Control",5.23966571657858
"767",24,2021,"West","Control",2.61340795468118
"768",25,2021,"East","Fenced",2.31374002795887
"769",25,2021,"West","Fenced",2.64866854779975
"770",26,2021,"East","FoliarFungicide",2.86366893485675
"771",26,2021,"West","FoliarFungicide",3.23379880147184
"772",27,2021,"East","SoilDrenchFungicide",1.97513805540078
"773",27,2021,"West","SoilDrenchFungicide",1.65771913894428
"774",28,2021,"East","AllPesticides",4.15776513293437
"775",28,2021,"West","AllPesticides",3.62021322494236
"776",29,2021,"East","Control",2.54215612622279
"777",29,2021,"West","Control",2.45863487994923
"778",30,2021,"East","Insecticide",2.34515553484619
"779",30,2021,"West","Insecticide",3.34504203161047
"780",31,2021,"East","SoilDrenchFungicide",2.61388926892031
"781",31,2021,"West","SoilDrenchFungicide",2.41369248015449
"782",32,2021,"East","Control",1.62797820615201
"783",32,2021,"West","Control",3.1481847641272
"784",33,2021,"East","Fenced",2.6752390506136
"785",33,2021,"West","Fenced",2.34057618286789
"786",34,2021,"East","AllPesticides",1.3352140728871
"787",34,2021,"West","AllPesticides",3.15746501986282
"788",35,2021,"East","Insecticide",3.15873714291437
"789",35,2021,"West","Insecticide",2.66110557535586
"790",36,2021,"East","FoliarFungicide",2.82809673281756
"791",36,2021,"West","FoliarFungicide",2.08028984625811
"792",37,2021,"East","Control",1.4938705596373
"793",37,2021,"West","Control",1.951372201976
"794",38,2021,"East","Fenced",4.24767182087454
"795",38,2021,"West","Fenced",2.76958431948332
"796",39,2021,"East","FoliarFungicide",4.79489215173479
"797",39,2021,"West","FoliarFungicide",3.2677356795936
"798",40,2021,"East","Insecticide",1.47073427223353
"799",40,2021,"West","Insecticide",3.0767995997415
"800",41,2021,"East","AllPesticides",3.23688608032818
"801",41,2021,"West","AllPesticides",3.36755319535516
"802",42,2021,"East","SoilDrenchFungicide",2.35611587508163
"803",42,2021,"West","SoilDrenchFungicide",2.42915260664272
"804",43,2021,"East","Fenced",5.93707039003452
"805",43,2021,"West","Fenced",3.6042760674217
"806",44,2021,"East","AllPesticides",9.9893666805521
"807",44,2021,"West","AllPesticides",2.47131356600937
"808",45,2021,"East","Insecticide",6.62081603988269
"809",45,2021,"West","Insecticide",2.84322733448541
"810",46,2021,"East","SoilDrenchFungicide",4.24887942434182
"811",46,2021,"West","SoilDrenchFungicide",2.17159584966966
"812",47,2021,"East","Control",4.67940700604245
"813",47,2021,"West","Control",2.6971392297336
"814",48,2021,"East","FoliarFungicide",5.25536741654119
"815",48,2021,"West","FoliarFungicide",2.73002320733794
"816",1,2022,"East","Insecticide",4.39588220841953
"817",1,2022,"West","Insecticide",3.10076751689508
"818",2,2022,"East","Control",4.97948529423245
"819",2,2022,"West","Control",3.64352242553118
"820",3,2022,"East","FoliarFungicide",3.60737564350381
"821",3,2022,"West","FoliarFungicide",3.3652489971248
"822",4,2022,"East","SoilDrenchFungicide",3.43882416819496
"823",4,2022,"West","SoilDrenchFungicide",3.00543940942288
"824",5,2022,"East","AllPesticides",1.72156954959199
"825",5,2022,"West","AllPesticides",3.42720825356857
"826",6,2022,"East","Fenced",1.85596006757793
"827",6,2022,"West","Fenced",3.2150442117502
"828",7,2022,"East","AllPesticides",5.90018672805524
"829",7,2022,"West","AllPesticides",4.65408894466615
"830",8,2022,"East","Control",2.61598941597366
"831",8,2022,"West","Control",4.21753541569681
"832",9,2022,"East","Insecticide",2.93180188000121
"833",9,2022,"West","Insecticide",3.12658435219329
"834",10,2022,"East","FoliarFungicide",4.08949625768775
"835",10,2022,"West","FoliarFungicide",2.47041583662789
"836",11,2022,"East","SoilDrenchFungicide",3.17844978976223
"837",11,2022,"West","SoilDrenchFungicide",2.1969533802865
"838",12,2022,"East","Fenced",4.02227063341069
"839",12,2022,"West","Fenced",3.50037097261069
"840",13,2022,"East","AllPesticides",2.87898157290281
"841",13,2022,"West","AllPesticides",4.17263537287213
"842",14,2022,"East","Control",5.64927389281492
"843",14,2022,"West","Control",3.40435720967633
"844",15,2022,"East","FoliarFungicide",5.90161087881159
"845",15,2022,"West","FoliarFungicide",2.42144656014788
"846",16,2022,"East","Insecticide",6.56946019876673
"847",16,2022,"West","Insecticide",5.02656137725391
"848",17,2022,"East","SoilDrenchFungicide",4.26417608337858
"849",17,2022,"West","SoilDrenchFungicide",3.38780403011426
"850",18,2022,"East","Fenced",9.67716911103304
"851",18,2022,"West","Fenced",1.2773480840482
"852",19,2022,"East","Insecticide",5.00781362252268
"853",19,2022,"West","Insecticide",5.62721112970366
"854",20,2022,"East","SoilDrenchFungicide",6.42808760693163
"855",20,2022,"West","SoilDrenchFungicide",2.90002821189217
"856",21,2022,"East","Fenced",6.76364593571525
"857",21,2022,"West","Fenced",2.18038728937022
"858",22,2022,"East","FoliarFungicide",6.78870134006223
"859",22,2022,"West","FoliarFungicide",5.33809689929401
"860",23,2022,"East","AllPesticides",2.97940678014095
"861",23,2022,"West","AllPesticides",4.18640671222833
"862",24,2022,"East","Control",5.32175854300304
"863",24,2022,"West","Control",2.18931695185122
"864",25,2022,"East","Fenced",3.64287804177797
"865",25,2022,"West","Fenced",2.49918425552156
"866",26,2022,"East","FoliarFungicide",3.45579632454979
"867",26,2022,"West","FoliarFungicide",4.14762454632951
"868",27,2022,"East","SoilDrenchFungicide",3.13315033558972
"869",27,2022,"West","SoilDrenchFungicide",4.57168217087802
"870",28,2022,"East","AllPesticides",5.41309425284702
"871",28,2022,"West","AllPesticides",4.71156139593991
"872",29,2022,"East","Control",2.07507309855069
"873",29,2022,"West","Control",2.93084748703465
"874",30,2022,"East","Insecticide",3.56536398918221
"875",30,2022,"West","Insecticide",3.55822460033309
"876",31,2022,"East","SoilDrenchFungicide",2.1248033553321
"877",31,2022,"West","SoilDrenchFungicide",3.55730097174169
"878",32,2022,"East","Control",1.6314540251219
"879",32,2022,"West","Control",3.26114501076262
"880",33,2022,"East","Fenced",2.69004525720488
"881",33,2022,"West","Fenced",3.06277937823324
"882",34,2022,"East","AllPesticides",2.684737096184
"883",34,2022,"West","AllPesticides",3.34627433437356
"884",35,2022,"East","Insecticide",3.55181025402017
"885",35,2022,"West","Insecticide",2.3918225578967
"886",36,2022,"East","FoliarFungicide",1.98147898803565
"887",36,2022,"West","FoliarFungicide",3.45166695995777
"888",37,2022,"East","Control",3.53194088501623
"889",37,2022,"West","Control",4.12191887905147
"890",38,2022,"East","Fenced",2.85250235095762
"891",38,2022,"West","Fenced",2.01535066594395
"892",39,2022,"East","FoliarFungicide",4.04642782417516
"893",39,2022,"West","FoliarFungicide",2.93443395658419
"894",40,2022,"East","Insecticide",2.44672974792922
"895",40,2022,"West","Insecticide",1.84998078600735
"896",41,2022,"East","AllPesticides",2.81334799636041
"897",41,2022,"West","AllPesticides",2.51216490898297
"898",42,2022,"East","SoilDrenchFungicide",2.027366179604
"899",42,2022,"West","SoilDrenchFungicide",1.96828937398273
"900",43,2022,"East","Fenced",6.44623073435444
"901",43,2022,"West","Fenced",2.66452336110184
"902",44,2022,"East","AllPesticides",8.63258161053089
"903",44,2022,"West","AllPesticides",4.91364771557163
"904",45,2022,"East","Insecticide",7.98974650838795
"905",45,2022,"West","Insecticide",4.72846068663031
"906",46,2022,"East","SoilDrenchFungicide",6.80702888763822
"907",46,2022,"West","SoilDrenchFungicide",1.87346138109696
"908",47,2022,"East","Control",5.68631932240291
"909",47,2022,"West","Control",2.82666900457933
"910",48,2022,"East","FoliarFungicide",7.16233590706274
"911",48,2022,"West","FoliarFungicide",4.95705313768972
"912",1,2023,"East","Insecticide",2.48183370263501
"913",1,2023,"West","Insecticide",1.99907168232711
"914",2,2023,"East","Control",2.34076223525701
"915",2,2023,"West","Control",1.23688423671195
"916",3,2023,"East","FoliarFungicide",3.88426387511463
"917",3,2023,"West","FoliarFungicide",2.94445184034045
"918",4,2023,"East","SoilDrenchFungicide",2.54337924835372
"919",4,2023,"West","SoilDrenchFungicide",1.73380711042546
"920",5,2023,"East","AllPesticides",2.72459339001904
"921",5,2023,"West","AllPesticides",2.62497528581022
"922",6,2023,"East","Fenced",4.14726058801731
"923",6,2023,"West","Fenced",1.94640041825912
"924",7,2023,"East","AllPesticides",2.8213209428152
"925",7,2023,"West","AllPesticides",3.21158726890784
"926",8,2023,"East","Control",2.25505018424238
"927",8,2023,"West","Control",1.51381524884844
"928",9,2023,"East","Insecticide",3.16157675013404
"929",9,2023,"West","Insecticide",2.8584418393819
"930",10,2023,"East","FoliarFungicide",3.17785312357298
"931",10,2023,"West","FoliarFungicide",1.70309192597131
"932",11,2023,"East","SoilDrenchFungicide",2.31419394719914
"933",11,2023,"West","SoilDrenchFungicide",1.25295275057891
"934",12,2023,"East","Fenced",2.02775737258591
"935",12,2023,"West","Fenced",4.52475733931634
"936",13,2023,"East","AllPesticides",3.82463416872168
"937",13,2023,"West","AllPesticides",1.90266181550667
"938",14,2023,"East","Control",3.75729465061481
"939",14,2023,"West","Control",3.90562686878096
"940",15,2023,"East","FoliarFungicide",4.22826559491643
"941",15,2023,"West","FoliarFungicide",1.44317721988981
"942",16,2023,"East","Insecticide",2.8241889090262
"943",16,2023,"West","Insecticide",2.9109077371647
"944",17,2023,"East","SoilDrenchFungicide",4.40800203955744
"945",17,2023,"West","SoilDrenchFungicide",2.08933483047303
"946",18,2023,"East","Fenced",6.41285486940179
"947",18,2023,"West","Fenced",1.01962485535371
"948",19,2023,"East","Insecticide",3.73401786857789
"949",19,2023,"West","Insecticide",4.71607582475198
"950",20,2023,"East","SoilDrenchFungicide",2.88511231269124
"951",20,2023,"West","SoilDrenchFungicide",3.40812928040803
"952",21,2023,"East","Fenced",2.98777718131937
"953",21,2023,"West","Fenced",1.38628615483121
"954",22,2023,"East","FoliarFungicide",7.17398836871248
"955",22,2023,"West","FoliarFungicide",2.54505389954759
"956",23,2023,"East","AllPesticides",3.3062740617147
"957",23,2023,"West","AllPesticides",1.74582874467313
"958",24,2023,"East","Control",4.86209825582658
"959",24,2023,"West","Control",3.37022138529603
"960",25,2023,"East","Fenced",2.25233374510812
"961",25,2023,"West","Fenced",1.01257556767892
"962",26,2023,"East","FoliarFungicide",3.0919222315266
"963",26,2023,"West","FoliarFungicide",1.4372363485309
"964",27,2023,"East","SoilDrenchFungicide",1.57290397197376
"965",27,2023,"West","SoilDrenchFungicide",2.13984821026649
"966",28,2023,"East","AllPesticides",5.36332910507036
"967",28,2023,"West","AllPesticides",3.52462500426792
"968",29,2023,"East","Control",1.77385352387331
"969",29,2023,"West","Control",1.65876391374491
"970",30,2023,"East","Insecticide",2.90721361231439
"971",30,2023,"West","Insecticide",3.44664047465018
"972",31,2023,"East","SoilDrenchFungicide",3.78005193197089
"973",31,2023,"West","SoilDrenchFungicide",1.86373587399416
"974",32,2023,"East","Control",2.77191392231805
"975",32,2023,"West","Control",1.38194584470612
"976",33,2023,"East","Fenced",2.7835355245975
"977",33,2023,"West","Fenced",1.886822467536
"978",34,2023,"East","AllPesticides",3.84918525449582
"979",34,2023,"West","AllPesticides",2.74505872077811
"980",35,2023,"East","Insecticide",4.21552240006226
"981",35,2023,"West","Insecticide",2.15706533392547
"982",36,2023,"East","FoliarFungicide",3.43158446015673
"983",36,2023,"West","FoliarFungicide",3.18251278944612
"984",37,2023,"East","Control",2.3992374313287
"985",37,2023,"West","Control",1.51902725277067
"986",38,2023,"East","Fenced",4.93817572003176
"987",38,2023,"West","Fenced",1.98555359788441
"988",39,2023,"East","FoliarFungicide",6.16365043610362
"989",39,2023,"West","FoliarFungicide",1.63185452934023
"990",40,2023,"East","Insecticide",3.32589761071234
"991",40,2023,"West","Insecticide",1.24241800871111
"992",41,2023,"East","AllPesticides",3.1223223704772
"993",41,2023,"West","AllPesticides",1.83002513082319
"994",42,2023,"East","SoilDrenchFungicide",3.00717646239371
"995",42,2023,"West","SoilDrenchFungicide",4.15803142928801
"996",43,2023,"East","Fenced",7.69370388477595
"997",43,2023,"West","Fenced",2.9862493848249
"998",44,2023,"East","AllPesticides",4.59896730410953
"999",44,2023,"West","AllPesticides",2.54389158886167
"1000",45,2023,"East","Insecticide",6.40932078066904
"1001",45,2023,"West","Insecticide",3.81788320874457
"1002",46,2023,"East","SoilDrenchFungicide",4.2977939391749
"1003",46,2023,"West","SoilDrenchFungicide",3.09327476005953
"1004",47,2023,"East","Control",5.80571297011163
"1005",47,2023,"West","Control",1.80792369283537
"1006",48,2023,"East","FoliarFungicide",5.83074755124527
"1007",48,2023,"West","FoliarFungicide",2.83952157082164
"1008",1,2024,"East","Insecticide",3.22101207455248
"1009",1,2024,"West","Insecticide",2.55234675198753
"1010",2,2024,"East","Control",2.16376343617035
"1011",2,2024,"West","Control",2.76796321688432
"1012",3,2024,"East","FoliarFungicide",3.45387500300615
"1013",3,2024,"West","FoliarFungicide",1.51228616300097
"1014",4,2024,"East","SoilDrenchFungicide",2.50270655333448
"1015",4,2024,"West","SoilDrenchFungicide",1.42874497715953
"1016",5,2024,"East","AllPesticides",3.43037914250263
"1017",5,2024,"West","AllPesticides",5.16937432062558
"1018",6,2024,"East","Fenced",3.23883215403953
"1019",6,2024,"West","Fenced",3.1611470950757
"1020",7,2024,"East","AllPesticides",3.64495920277436
"1021",7,2024,"West","AllPesticides",2.52420440430551
"1022",8,2024,"East","Control",2.64341043665079
"1023",8,2024,"West","Control",2.63112020126467
"1024",9,2024,"East","Insecticide",3.16588548036796
"1025",9,2024,"West","Insecticide",4.39990801201793
"1026",10,2024,"East","FoliarFungicide",4.9679602149211
"1027",10,2024,"West","FoliarFungicide",3.13327119994486
"1028",11,2024,"East","SoilDrenchFungicide",3.47941205185476
"1029",11,2024,"West","SoilDrenchFungicide",4.02097563710192
"1030",12,2024,"East","Fenced",2.44548590167922
"1031",12,2024,"West","Fenced",2.35953551047908
"1032",13,2024,"East","AllPesticides",2.72707524718838
"1033",13,2024,"West","AllPesticides",3.12124637194623
"1034",14,2024,"East","Control",2.86480863793546
"1035",14,2024,"West","Control",2.19321758358344
"1036",15,2024,"East","FoliarFungicide",5.5896096267135
"1037",15,2024,"West","FoliarFungicide",1.21129947367878
"1038",16,2024,"East","Insecticide",4.52920187792119
"1039",16,2024,"West","Insecticide",3.21792540123346
"1040",17,2024,"East","SoilDrenchFungicide",4.03850184614715
"1041",17,2024,"West","SoilDrenchFungicide",3.12125815726887
"1042",18,2024,"East","Fenced",4.20323216272545
"1043",18,2024,"West","Fenced",2.73943799546499
"1044",19,2024,"East","Insecticide",3.42945451760101
"1045",19,2024,"West","Insecticide",3.35254468418493
"1046",20,2024,"East","SoilDrenchFungicide",3.04181881303082
"1047",20,2024,"West","SoilDrenchFungicide",2.73520375066742
"1048",21,2024,"East","Fenced",5.57224221226214
"1049",21,2024,"West","Fenced",3.19964103980581
"1050",22,2024,"East","FoliarFungicide",4.07148324455291
"1051",22,2024,"West","FoliarFungicide",2.16566471960839
"1052",23,2024,"East","AllPesticides",2.16335232127991
"1053",23,2024,"West","AllPesticides",3.88315128412579
"1054",24,2024,"East","Control",3.52623403485266
"1055",24,2024,"West","Control",2.04848832478551
"1056",25,2024,"East","Fenced",2.55300946600165
"1057",25,2024,"West","Fenced",2.5269988595738
"1058",26,2024,"East","FoliarFungicide",3.81446634456061
"1059",26,2024,"West","FoliarFungicide",1.76527757469755
"1060",27,2024,"East","SoilDrenchFungicide",1.35580933228723
"1061",27,2024,"West","SoilDrenchFungicide",2.62507468690984
"1062",28,2024,"East","AllPesticides",5.23446999634313
"1063",28,2024,"West","AllPesticides",2.63711331176921
"1064",29,2024,"East","Control",1.98526441726288
"1065",29,2024,"West","Control",1.58640106479653
"1066",30,2024,"East","Insecticide",3.02593788083556
"1067",30,2024,"West","Insecticide",2.43353988109882
"1068",31,2024,"East","SoilDrenchFungicide",2.83038969405513
"1069",31,2024,"West","SoilDrenchFungicide",1.85412604886138
"1070",32,2024,"East","Control",2.90726565885752
"1071",32,2024,"West","Control",2.32349724041476
"1072",33,2024,"East","Fenced",2.18804194392648
"1073",33,2024,"West","Fenced",4.35612386403535
"1074",34,2024,"East","AllPesticides",2.07853887416242
"1075",34,2024,"West","AllPesticides",4.33252612039749
"1076",35,2024,"East","Insecticide",3.434038173869
"1077",35,2024,"West","Insecticide",3.32349444326062
"1078",36,2024,"East","FoliarFungicide",2.1841143819728
"1079",36,2024,"West","FoliarFungicide",3.3421162976826
"1080",37,2024,"East","Control",2.37767654166211
"1081",37,2024,"West","Control",2.58467461878643
"1082",38,2024,"East","Fenced",1.48802057378147
"1083",38,2024,"West","Fenced",2.41056195805239
"1084",39,2024,"East","FoliarFungicide",2.82473814171679
"1085",39,2024,"West","FoliarFungicide",2.34810396783801
"1086",40,2024,"East","Insecticide",1.71875991357098
"1087",40,2024,"West","Insecticide",2.40695627177414
"1088",41,2024,"East","AllPesticides",4.06961699339314
"1089",41,2024,"West","AllPesticides",2.29776618995968
"1090",42,2024,"East","SoilDrenchFungicide",3.59070286462596
"1091",42,2024,"West","SoilDrenchFungicide",1.93394382810254
"1092",43,2024,"East","Fenced",5.01762200943721
"1093",43,2024,"West","Fenced",2.14301112309891
"1094",44,2024,"East","AllPesticides",4.59740567995495
"1095",44,2024,"West","AllPesticides",2.90957048596784
"1096",45,2024,"East","Insecticide",5.45570618810537
"1097",45,2024,"West","Insecticide",3.75805980805192
"1098",46,2024,"East","SoilDrenchFungicide",2.32403147822274
"1099",46,2024,"West","SoilDrenchFungicide",2.4066865955139
"1100",47,2024,"East","Control",2.89185099984474
"1101",47,2024,"West","Control",4.16561267645779
"1102",48,2024,"East","FoliarFungicide",6.32111722810909
"1103",48,2024,"West","FoliarFungicide",1.62228528764349
