"","Species","Treatment","Year2","Year2.trend","SE","df","lower.CL","upper.CL","t.ratio","p.value","exp","Functional.group"
"1","Agrostis scabra","Fenced",9.07142857142857,0.0184467402143143,0.0270971252713228,146.848779717329,-0.0351039589914229,0.0719974394200515,0.680763735252635,0.497093000044453,"Oldfield experiment","C3"
"2","Agrostis scabra","SoilDrenchFungicide",9.07142857142857,0.00633456986561066,0.0215134835662047,69.7754141602744,-0.0365751483324776,0.0492442880636989,0.294446496594423,0.769290963233982,"Oldfield experiment","C3"
"3","Agrostis scabra","Insecticide",9.07142857142857,0.0328684401924177,0.0228723953514397,86.3486635554867,-0.01259775785398,0.0783346382388155,1.43703532959213,0.154321670592006,"Oldfield experiment","C3"
"4","Agrostis scabra","AllPesticides",9.07142857142857,0.00677706592102252,0.0215134835662047,69.7754141602741,-0.0361326522770657,0.0496867841191107,0.315014809208702,0.753690558077597,"Oldfield experiment","C3"
"5","Agrostis scabra","Control",9.07142857142857,0.0469733300251391,0.0228723953514394,86.3486635554922,0.00150713197874185,0.0924395280715363,2.05371275301006,0.0430284812459573,"Oldfield experiment","C3"
"6","Koeleria cristata","Control",9.07142857142857,-0.00616941024473728,0.016567305262016,23.8238053700768,-0.0403760350762342,0.0280372145867596,-0.372384654424275,0.712898670300251,"Biodiversity experiment","C3"
"7","Koeleria cristata","Insecticide",9.07142857142857,-0.0220810428614881,0.0165673052620158,23.8238053700786,-0.0562876676929845,0.0121255819700082,-1.33280835430212,0.195201947534411,"Biodiversity experiment","C3"
"8","Koeleria cristata","FoliarFungicide",9.07142857142857,-0.00933344374588899,0.0167819027912232,25.0723394766651,-0.0438913637597369,0.0252244762679589,-0.556161232847224,0.583030622999926,"Biodiversity experiment","C3"
"9","Koeleria cristata","SoilDrenchFungicide",9.07142857142857,-0.00763113220072437,0.0170261546802867,26.5508037658096,-0.0425935921369469,0.0273313277354982,-0.448200568127098,0.65764465078695,"Biodiversity experiment","C3"
"10","Koeleria cristata","AllPesticides",9.07142857142857,-0.0157381409119376,0.016207657681375,21.8342476084603,-0.0493655662185219,0.0178892843946467,-0.97103117682594,0.342167690388287,"Biodiversity experiment","C3"
"11","Koeleria cristata","FoliarFungicide",9.07142857142857,-0.00400539236008256,0.0321197164071106,18.8176031765592,-0.071276862550476,0.0632660778303108,-0.124701983956367,0.902082002613657,"Oldfield experiment","C3"
"12","Koeleria cristata","SoilDrenchFungicide",9.07142857142857,-0.0410735174816274,0.0321197164071106,18.8176031765592,-0.108344987672021,0.026197952708766,-1.27876339133974,0.216526726780076,"Oldfield experiment","C3"
"13","Koeleria cristata","Control",9.07142857142857,-0.0153178186633083,0.0321197164071106,18.8176031765603,-0.0825892888537013,0.0519536515270847,-0.476897693278428,0.638926386008182,"Oldfield experiment","C3"
"14","Koeleria cristata","Insecticide",9.07142857142857,-0.0274327535627231,0.0321197164071106,18.8176031765592,-0.0947042237531165,0.0398387166276703,-0.854078324198718,0.403803703462534,"Oldfield experiment","C3"
"15","Koeleria cristata","AllPesticides",9.07142857142857,-0.0679247382468898,0.0321197164071106,18.8176031765592,-0.135196208437283,-0.000653268056496431,-2.1147365495373,0.0480280550069021,"Oldfield experiment","C3"
"16","Koeleria cristata","Fenced",9.07142857142857,-0.0155231153298857,0.0321197164071106,18.8176031765593,-0.0827945855202791,0.0517483548605076,-0.483289302219656,0.634465790571139,"Oldfield experiment","C3"
"17","Panicum oligosanthes","Insecticide",9.07142857142857,0.0165240068951752,0.0199812727841232,170.943886809043,-0.0229177981680388,0.0559658119583891,0.826974691437317,0.409404267537821,"Oldfield experiment","C3"
"18","Panicum oligosanthes","FoliarFungicide",9.07142857142857,0.0121802174468266,0.0214567211463548,209.45328688011,-0.0301185888308274,0.0544790237244807,0.567664433151098,0.57087081093199,"Oldfield experiment","C3"
"19","Panicum oligosanthes","SoilDrenchFungicide",9.07142857142857,0.00066008088043952,0.0199812727841232,170.943886809043,-0.0387817241827745,0.0401018859436535,0.0330349766789635,0.973685235965539,"Oldfield experiment","C3"
"20","Panicum oligosanthes","AllPesticides",9.07142857142857,0.00364346497022707,0.0187988442959768,141.535117886454,-0.0335193461222899,0.040806276062744,0.193813242604856,0.846599999082337,"Oldfield experiment","C3"
"21","Panicum oligosanthes","Fenced",9.07142857142857,0.0779685584307775,0.0214567211463548,209.45328688011,0.0356697521531235,0.120267364708432,3.6337592262564,0.00035140827713385,"Oldfield experiment","C3"
"22","Panicum oligosanthes","Control",9.07142857142857,0.0168778261250629,0.0199812727841226,170.943886809083,-0.0225639789381498,0.0563196311882756,0.844682233579947,0.399468898533179,"Oldfield experiment","C3"
"23","Panicum perlongum","SoilDrenchFungicide",9.07142857142857,-0.00778919171550531,0.0234350511193231,60.4241284064854,-0.0546595067354802,0.0390811233044696,-0.332373574772484,0.740757505523057,"Oldfield experiment","C3"
"24","Panicum perlongum","Control",9.07142857142857,-0.0014908443365441,0.0234350511193228,60.4241284064965,-0.0483611593565182,0.04537947068343,-0.0636160053141451,0.949485973490623,"Oldfield experiment","C3"
"25","Panicum perlongum","Insecticide",9.07142857142857,0.0193795466895143,0.022424598630291,51.1718856931278,-0.0256360422616932,0.0643951356407218,0.864209300198424,0.391505950774584,"Oldfield experiment","C3"
"26","Panicum perlongum","FoliarFungicide",9.07142857142857,0.032821441547804,0.0247181502263581,73.6115410224741,-0.0164348668812616,0.0820777499768697,1.327827578004,0.188337940571781,"Oldfield experiment","C3"
"27","Panicum perlongum","AllPesticides",9.07142857142857,0.00401924325850632,0.022424598630291,51.171885693128,-0.0409963456927011,0.0490348322097137,0.179233676587511,0.858462025394304,"Oldfield experiment","C3"
"28","Panicum perlongum","Fenced",9.07142857142857,0.00732163158438489,0.024718150226358,73.6115410224737,-0.0419346768446807,0.0565779400134505,0.296204672167479,0.767907840304758,"Oldfield experiment","C3"
"29","Panicum praecocious","Control",9.07142857142857,0.0252803872276955,0.0431891799374606,28.3293510807657,-0.063142323940241,0.113703098395632,0.585340755816673,0.562952670143361,"Oldfield experiment","C3"
"30","Panicum praecocious","Insecticide",9.07142857142857,0.06050823017371,0.0384262931965846,18.9401194625116,-0.0199361393941499,0.14095259974157,1.57465696376584,0.131891868211266,"Oldfield experiment","C3"
"31","Poa pratensis","SoilDrenchFungicide",9.07142857142857,-0.0701399395732381,0.025792574213875,14.2389418128547,-0.125372545356555,-0.0149073337899212,-2.7193850056078,0.0164152070394639,"Biodiversity experiment","C3"
"32","Poa pratensis","Control",9.07142857142857,-0.0549059058305018,0.0257925742138758,14.2389418128547,-0.110138511613821,0.000326699952816936,-2.1287485838061,0.0511964691518181,"Biodiversity experiment","C3"
"33","Poa pratensis","Insecticide",9.07142857142857,-0.0814404637251001,0.025792574213875,14.2389418128548,-0.136673069508417,-0.0262078579417832,-3.15751592104714,0.00686389414726014,"Biodiversity experiment","C3"
"34","Poa pratensis","FoliarFungicide",9.07142857142857,-0.0625460921045321,0.025792574213875,14.2389418128547,-0.117778697887849,-0.00731348632121517,-2.42496509211887,0.0291675550878879,"Biodiversity experiment","C3"
"35","Poa pratensis","FoliarFungicide",9.07142857142857,0.0361515828579119,0.0249462418848637,30.8107074130683,-0.0147392851487768,0.0870424508646006,1.44917952069755,0.157390060979235,"Oldfield experiment","C3"
"36","Poa pratensis","AllPesticides",9.07142857142857,-0.061348256265161,0.025792574213875,14.2389418128547,-0.116580862048478,-0.00611565048184403,-2.3785239796716,0.0318956583723828,"Biodiversity experiment","C3"
"37","Poa pratensis","SoilDrenchFungicide",9.07142857142857,0.0330208557010887,0.0249462418848637,30.8107074130683,-0.0178700123056,0.0839117237077774,1.32368057094501,0.19534715258555,"Oldfield experiment","C3"
"38","Poa pratensis","Control",9.07142857142857,-0.00128837345220432,0.0249462418848643,30.8107074130668,-0.0521792414588943,0.0496024945544856,-0.0516459937392824,0.959144160901764,"Oldfield experiment","C3"
"39","Poa pratensis","Insecticide",9.07142857142857,0.0164163018118176,0.0249462418848637,30.8107074130683,-0.0344745661948711,0.0673071698185063,0.658067130415274,0.51538224332412,"Oldfield experiment","C3"
"40","Poa pratensis","AllPesticides",9.07142857142857,0.0567579335790925,0.0249462418848637,30.8107074130682,0.00586706557240384,0.107648801585781,2.2752097827421,0.03000506727409,"Oldfield experiment","C3"
"41","Poa pratensis","Fenced",9.07142857142857,0.0936379794591517,0.0249462418848637,30.8107074130684,0.042747111452463,0.14452884746584,3.7535906166278,0.000725866130576183,"Oldfield experiment","C3"
"42","Andropogon gerardi","Control",9.07142857142857,-0.00692475222880284,0.0208608713540653,18.0492243029165,-0.0507432506216545,0.0368937461640488,-0.331949328063584,0.7437512108594,"Biodiversity experiment","C4"
"43","Andropogon gerardi","Insecticide",9.07142857142857,0.0118741715742486,0.0208608713540661,18.0492243029167,-0.0319443268186047,0.0556926699671019,0.569207842410384,0.57623083793823,"Biodiversity experiment","C4"
"44","Andropogon gerardi","FoliarFungicide",9.07142857142857,0.0348068217641408,0.0208608713540661,18.0492243029168,-0.00901167662871247,0.0786253201569941,1.66852195065938,0.112466334161758,"Biodiversity experiment","C4"
"45","Andropogon gerardi","SoilDrenchFungicide",9.07142857142857,0.0253093802111899,0.0208608713540661,18.0492243029167,-0.0185091181816634,0.0691278786040432,1.21324655052133,0.240675066197593,"Biodiversity experiment","C4"
"46","Andropogon gerardi","AllPesticides",9.07142857142857,0.0142029777067872,0.0208608713540661,18.0492243029168,-0.0296155206860661,0.0580214760996405,0.680842974664088,0.504612425970234,"Biodiversity experiment","C4"
"47","Aristida basiramea","FoliarFungicide",9.07142857142857,-0.0186559406543114,0.0260487241355273,61.3578628722004,-0.0707374404469166,0.0334255591382937,-0.716194027670898,0.476588617765306,"Oldfield experiment","C4"
"48","Aristida basiramea","AllPesticides",9.07142857142857,-0.0298973058132653,0.0260487241355273,61.3578628721996,-0.0819788056058705,0.02218419397934,-1.14774549639032,0.255529064310891,"Oldfield experiment","C4"
"49","Aristida basiramea","Fenced",9.07142857142857,-0.00592467580941979,0.0278765813194481,77.9043174394086,-0.0614237596758642,0.0495744080570246,-0.212532366918552,0.832246854150421,"Oldfield experiment","C4"
"50","Aristida basiramea","Insecticide",9.07142857142857,-0.00985612514184191,0.0278765813194481,77.9043174394107,-0.0653552090082864,0.0456429587246026,-0.353562907477674,0.724621501854039,"Oldfield experiment","C4"
"51","Aristida basiramea","Control",9.07142857142857,-0.0535992012254104,0.0260487241355269,61.3578628721802,-0.105680701018015,-0.00151770143280578,-2.05765168944718,0.0438792828993353,"Oldfield experiment","C4"
"52","Bouteloua curtipendula","Control",9.07142857142857,-0.0647815249010294,0.0241773203075415,94.3416506717873,-0.112783894835645,-0.0167791549664136,-2.67943362113718,0.00870215957770585,"Biodiversity experiment","C4"
"53","Bouteloua curtipendula","FoliarFungicide",9.07142857142857,-0.00658641808139059,0.0270310658607247,122.88,-0.060093274632074,0.0469204384692929,-0.243661057071391,0.807899662353857,"Biodiversity experiment","C4"
"54","Bouteloua curtipendula","SoilDrenchFungicide",9.07142857142857,-0.0300593045724435,0.0312127863023438,157.035143769969,-0.0917103546651036,0.0315917455202167,-0.963044576708817,0.337005777119031,"Biodiversity experiment","C4"
"55","Bouteloua curtipendula","AllPesticides",9.07142857142857,-0.00871020679293594,0.0270310658607247,122.88,-0.0622170633436194,0.0447966497577475,-0.322229498378441,0.747826405197581,"Biodiversity experiment","C4"
"56","Bouteloua gracilis","Control",9.07142857142857,-0.145291326367303,0.0301147852355267,21.8100014284591,-0.207777128416646,-0.0828055243179595,-4.82458450993371,8.24288438577681e-05,"Biodiversity experiment","C4"
"57","Bouteloua gracilis","Insecticide",9.07142857142857,-0.0848384649661627,0.0301147852355271,21.8100014284564,-0.147324267015507,-0.0223526629168182,-2.81716984871859,0.0100885750781589,"Biodiversity experiment","C4"
"58","Bouteloua gracilis","FoliarFungicide",9.07142857142857,-0.0616972389760583,0.0301147852355271,21.8100014284564,-0.124183041025403,0.00078856307328614,-2.04873581177901,0.0527102983167228,"Biodiversity experiment","C4"
"59","Bouteloua gracilis","SoilDrenchFungicide",9.07142857142857,-0.0644783554211685,0.0301147852355271,21.8100014284564,-0.126964157470513,-0.001992553371824,-2.1410863440295,0.0437003295864575,"Biodiversity experiment","C4"
"60","Bouteloua gracilis","AllPesticides",9.07142857142857,-0.100737964152205,0.0301147852355271,21.8100014284564,-0.16322376620155,-0.0382521621028609,-3.34513307547558,0.00295540907670446,"Biodiversity experiment","C4"
"61","Leptoloma cognatum","Control",9.07142857142857,0.0464672742863571,0.0318533975571019,12,-0.0229353169795473,0.115869865552262,1.4587854938569,0.170298275707068,"Oldfield experiment","C4"
"62","Panicum virgatum","AllPesticides",9.07142857142857,-0.0113861663518622,0.0152699008332315,25.9429707188891,-0.0427772555151694,0.0200049228114449,-0.745660792182935,0.462575482192312,"Biodiversity experiment","C4"
"63","Panicum virgatum","Insecticide",9.07142857142857,-0.0155448377274205,0.0154521440264929,27.1933293887131,-0.047239474754194,0.016149799299353,-1.0059987598335,0.323284441837405,"Biodiversity experiment","C4"
"64","Panicum virgatum","FoliarFungicide",9.07142857142857,-0.0229275401784462,0.0154521440264929,27.193329388713,-0.0546221772052197,0.0087670968483273,-1.48377727641787,0.149367260640778,"Biodiversity experiment","C4"
"65","Panicum virgatum","SoilDrenchFungicide",9.07142857142857,-0.0309218650437686,0.0156546318710816,28.6336094601411,-0.0629569871660418,0.00111325707850454,-1.97525341371265,0.0579500127907318,"Biodiversity experiment","C4"
"66","Panicum virgatum","Control",9.07142857142857,-0.0161029179260899,0.0156546318710815,28.6336094601416,-0.0481380400483629,0.0159322041961831,-1.02863600106985,0.312262097551145,"Biodiversity experiment","C4"
"67","Schizachyrium scoparium","Insecticide",9.07142857142857,-0.0343680127104154,0.0198902181499446,19.2834687940286,-0.0759573362600227,0.00722131083919197,-1.7278851569816,0.0999903945049838,"Biodiversity experiment","C4"
"68","Schizachyrium scoparium","AllPesticides",9.07142857142857,-0.0643015189714172,0.0198902181499446,19.2834687940286,-0.105890842521025,-0.0227121954218098,-3.23282120320014,0.00431779346130052,"Biodiversity experiment","C4"
"69","Schizachyrium scoparium","SoilDrenchFungicide",9.07142857142857,-0.0568200193178316,0.0198902181499446,19.2834687940286,-0.098409342867439,-0.0152306957682243,-2.85668155519902,0.00999235901574854,"Biodiversity experiment","C4"
"70","Schizachyrium scoparium","Control",9.07142857142857,-0.0442003827698278,0.0198902181499459,19.2834687940269,-0.085789706319438,-0.00261105922021751,-2.22221709367969,0.0384199184930264,"Biodiversity experiment","C4"
"71","Schizachyrium scoparium","FoliarFungicide",9.07142857142857,-0.0437417843257251,0.0198902181499446,19.2834687940286,-0.0853311078753325,-0.00215246077611779,-2.1991606123157,0.0402573187408969,"Biodiversity experiment","C4"
"72","Sorghastrum nutans","Insecticide",9.07142857142857,-0.010477770436407,0.0387507206015151,15.5894149581551,-0.0928018182979608,0.0718462774251468,-0.270389047578056,0.790407898667893,"Oldfield experiment","C4"
"73","Sorghastrum nutans","AllPesticides",9.07142857142857,-0.0377603686874804,0.0387507206015151,15.5894149581551,-0.120084416549034,0.0445636791740734,-0.974443006512865,0.344715550102049,"Oldfield experiment","C4"
"74","Sorghastrum nutans","FoliarFungicide",9.07142857142857,-0.0270225959789343,0.0387507206015151,15.5894149581551,-0.109346643840488,0.0553014518826195,-0.697344347652667,0.495856468773498,"Oldfield experiment","C4"
"75","Sorghastrum nutans","SoilDrenchFungicide",9.07142857142857,-0.0266002476020553,0.0387507206015151,15.589414958155,-0.108924295463609,0.0557238002594986,-0.686445237382636,0.50251554907085,"Oldfield experiment","C4"
"76","Sorghastrum nutans","Control",9.07142857142857,-0.0178116081683498,0.0387507206015165,15.589414958155,-0.100135656029907,0.064512439693207,-0.459645856692862,0.652115385243664,"Oldfield experiment","C4"
"77","Sorghastrum nutans","AllPesticides",9.07142857142857,0.048172418756096,0.0182872012067207,22.1625599043523,0.0102632067715108,0.0860816307406812,2.63421494692104,0.015095149031991,"Biodiversity experiment","C4"
"78","Sorghastrum nutans","Insecticide",9.07142857142857,0.0171025960525201,0.0182872012067207,22.1625599043524,-0.0208066159320651,0.0550118080371053,0.935222173102947,0.359753005029568,"Biodiversity experiment","C4"
"79","Sorghastrum nutans","Control",9.07142857142857,0.0166643900870023,0.01828720120672,22.1625599043529,-0.0212448218975814,0.054573602071586,0.911259732893333,0.371964199369322,"Biodiversity experiment","C4"
"80","Sorghastrum nutans","Fenced",9.07142857142857,-0.0407287819204186,0.0387507206015151,15.5894149581551,-0.123052829781972,0.0415952659411352,-1.05104579445746,0.309258128929923,"Oldfield experiment","C4"
"81","Sorghastrum nutans","FoliarFungicide",9.07142857142857,0.00798177918296648,0.0182872012067207,22.1625599043523,-0.0299274328016187,0.0458909911675517,0.436468057235195,0.666719758493347,"Biodiversity experiment","C4"
"82","Sorghastrum nutans","SoilDrenchFungicide",9.07142857142857,0.0189207815079474,0.0182872012067207,22.1625599043522,-0.0189884304766378,0.0568299934925326,1.03464610544089,0.311992676380353,"Biodiversity experiment","C4"
"83","Sporobolus cryptandrus","FoliarFungicide",9.07142857142857,-0.0204860797614659,0.0290478888736782,67.4625600727584,-0.0784586019622625,0.0374864424393307,-0.705251932440067,0.483081480694562,"Biodiversity experiment","C4"
"84","Sporobolus cryptandrus","SoilDrenchFungicide",9.07142857142857,-0.0667240524822147,0.0388696254514402,142.037693461059,-0.14356178015268,0.010113675188251,-1.71661166546544,0.0882300662765831,"Biodiversity experiment","C4"
"85","Sporobolus cryptandrus","AllPesticides",9.07142857142857,-0.0448964610860501,0.0326517354248864,95.4533906629988,-0.1097143806071,0.019921458435,-1.37500994975694,0.172347259363408,"Biodiversity experiment","C4"
"86","Sporobolus cryptandrus","Insecticide",9.07142857142857,-0.0181536356657256,0.0326517354248865,95.4533906629994,-0.0829715551867758,0.0466642838553245,-0.555977666408791,0.57952704470797,"Biodiversity experiment","C4"
"87","Sporobolus cryptandrus","Control",9.07142857142857,-0.104871199420023,0.0266526970694153,50.5960364784194,-0.15838909608582,-0.0513533027542258,-3.93473122614542,0.000254659263639903,"Biodiversity experiment","C4"
"88","Achillea millefolium (lanulosa)","Control",9.07142857142857,-0.00798961122462681,0.0160736811579052,36.4754645100714,-0.0405737992572368,0.0245945768079832,-0.497061696455106,0.622128507396722,"Biodiversity experiment","F"
"89","Achillea millefolium (lanulosa)","Insecticide",9.07142857142857,-0.0360940280693039,0.015802388091556,34.1103589397404,-0.068204517842141,-0.00398353829646686,-2.28408692788597,0.0287116330497624,"Biodiversity experiment","F"
"90","Achillea millefolium (lanulosa)","FoliarFungicide",9.07142857142857,-0.0139855363595538,0.0160736811579045,36.4754645100726,-0.0465697243921625,0.018598651673055,-0.870089198744379,0.389941829225794,"Biodiversity experiment","F"
"91","Achillea millefolium (lanulosa)","SoilDrenchFungicide",9.07142857142857,0.00202679194158107,0.0160736811579045,36.4754645100725,-0.0305573960910277,0.0346109799741898,0.126093825158673,0.900350145851037,"Biodiversity experiment","F"
"92","Achillea millefolium (lanulosa)","AllPesticides",9.07142857142857,-0.0377108046726677,0.0163782287299784,39.2682310050599,-0.0708316656498112,-0.00458994369552424,-2.30249591054023,0.0266917474827399,"Biodiversity experiment","F"
"93","Ambrosia artemisiifolia elatior","Fenced",9.07142857142857,-0.0235144687977049,0.02462335852389,40.3479410843951,-0.0732667678605513,0.0262378302651414,-0.954965943207575,0.345281740982635,"Oldfield experiment","F"
"94","Ambrosia artemisiifolia elatior","Control",9.07142857142857,-0.0601011465985713,0.0246233585238896,40.3479410843817,-0.109853445661417,-0.0103488475357252,-2.4408184017733,0.0191351091077756,"Oldfield experiment","F"
"95","Ambrosia artemisiifolia elatior","AllPesticides",9.07142857142857,-0.0253013935862121,0.02462335852389,40.3479410843947,-0.0750536926490585,0.0244509054766342,-1.0275362543117,0.310288928782976,"Oldfield experiment","F"
"96","Ambrosia artemisiifolia elatior","SoilDrenchFungicide",9.07142857142857,-0.0470016800555421,0.02462335852389,40.3479410843948,-0.0967539791183885,0.0027506190073042,-1.90882490745283,0.0634155083816603,"Oldfield experiment","F"
"97","Ambrosia artemisiifolia elatior","Insecticide",9.07142857142857,-0.0528283393704385,0.02462335852389,40.3479410843944,-0.102580638433285,-0.00307604030759217,-2.14545628774334,0.0379863001638736,"Oldfield experiment","F"
"98","Ambrosia artemisiifolia elatior","FoliarFungicide",9.07142857142857,-0.0426733210293145,0.02462335852389,40.3479410843947,-0.0924256200921609,0.00707897803353182,-1.73304226504732,0.090725911322662,"Oldfield experiment","F"
"99","Ambrosia coronopifolia","FoliarFungicide",9.07142857142857,0.0952093319490338,0.0327123830570756,19.2691341706344,0.0268061947488701,0.163612469149198,2.91049819827909,0.00887926241383709,"Oldfield experiment","F"
"100","Ambrosia coronopifolia","SoilDrenchFungicide",9.07142857142857,0.054171922487117,0.0327123830570755,19.2691341706342,-0.0142312147130467,0.122575059687281,1.65600660742446,0.113915383373234,"Oldfield experiment","F"
"101","Ambrosia coronopifolia","Fenced",9.07142857142857,0.0625558106747505,0.0327123830570755,19.2691341706342,-0.0058473265254132,0.130958947874914,1.91229757139995,0.0708212799365067,"Oldfield experiment","F"
"102","Ambrosia coronopifolia","AllPesticides",9.07142857142857,0.0610282036462163,0.0327123830570755,19.2691341706342,-0.00737493355394742,0.12943134084638,1.86559944409236,0.0773970649254863,"Oldfield experiment","F"
"103","Ambrosia coronopifolia","Insecticide",9.07142857142857,0.0348928049084075,0.0327123830570755,19.2691341706344,-0.0335103322917562,0.103295942108571,1.06665432620814,0.299310698577503,"Oldfield experiment","F"
"104","Ambrosia coronopifolia","Control",9.07142857142857,0.0419557551865145,0.0327123830570765,19.2691341706383,-0.0264473820136501,0.110358892386679,1.28256492696696,0.214859209192896,"Oldfield experiment","F"
"105","Anemone cylindrica","Control",9.07142857142857,-0.00155572405071977,0.0238392595560311,44.7374614915124,-0.0495782357794537,0.0464667876780142,-0.0652589081914749,0.948258607306065,"Oldfield experiment","F"
"106","Anemone cylindrica","Fenced",9.07142857142857,0.00782757208301346,0.0229364569629502,38.5722097994941,-0.0385822477358064,0.0542373919018333,0.341272067244628,0.734750916473253,"Oldfield experiment","F"
"107","Anemone cylindrica","FoliarFungicide",9.07142857142857,0.0405205283030217,0.0249923177610366,53.5200790820765,-0.00959634423858932,0.0906374008446326,1.62131934662714,0.110826523087197,"Oldfield experiment","F"
"108","Anemone cylindrica","Insecticide",9.07142857142857,0.00212934707235263,0.0229364569629502,38.5722097994942,-0.0442804727464673,0.0485391668911725,0.0928367914797047,0.926513749152504,"Oldfield experiment","F"
"109","Anemone cylindrica","SoilDrenchFungicide",9.07142857142857,0.00119524965938057,0.0238392595560318,44.7374614915145,-0.0468272620693547,0.0492177613881158,0.0501378684422333,0.960235709651042,"Oldfield experiment","F"
"110","Anemone cylindrica","AllPesticides",9.07142857142857,-0.0224090346868211,0.0319179495470818,127.423449413425,-0.085566878009791,0.0407488086361488,-0.702082527380583,0.483908166007347,"Oldfield experiment","F"
"111","Asclepias tuberosa","Control",9.07142857142857,0.0450781994051439,0.016889563796159,52.615355754988,0.0111962423711671,0.0789601564391206,2.66899725470682,0.0100933565558339,"Biodiversity experiment","F"
"112","Asclepias tuberosa","Insecticide",9.07142857142857,0.0256458285033396,0.0183462975185099,71.1610779733554,-0.0109342148607362,0.0622258718674154,1.39787488333628,0.166492978831759,"Biodiversity experiment","F"
"113","Asclepias tuberosa","FoliarFungicide",9.07142857142857,0.0176624295677143,0.0204266225793994,103.006898993707,-0.0228489263456031,0.0581737854810317,0.864676942997281,0.38922533223343,"Biodiversity experiment","F"
"114","Asclepias tuberosa","AllPesticides",9.07142857142857,0.0480913506593894,0.0237157207197168,162.331818920991,0.00126026296090713,0.0949224383578717,2.02782581342371,0.0442133350667736,"Biodiversity experiment","F"
"115","Aster azureus","Insecticide",9.07142857142857,0.0273560077273429,0.0360163114991899,150.331395348838,-0.0438075384334162,0.0985195538881019,0.759544955844746,0.44871604099023,"Oldfield experiment","F"
"116","Aster azureus","Control",9.07142857142857,0.0439334985609667,0.0254673780944046,90.7263157894697,-0.00665637544458882,0.0945233725665223,1.72508918657077,0.087916345062444,"Oldfield experiment","F"
"117","Aster azureus","Fenced",9.07142857142857,0.158024884679414,0.0294071951967165,120.405122235158,0.099802679984847,0.21624708937398,5.37368095196845,3.82947621664609e-07,"Oldfield experiment","F"
"118","Aster azureus","AllPesticides",9.07142857142857,-0.0164117905501975,0.0254673780944042,90.7263157894736,-0.0670016645557523,0.0341780834553572,-0.644424034910904,0.520926510282018,"Oldfield experiment","F"
"119","Coreopsis palmata","Control",9.07142857142857,0.0622721817884096,0.0216562237793453,56.7288935343657,0.0189018497489723,0.105642513827847,2.87548662328664,0.00567186170962334,"Biodiversity experiment","F"
"120","Coreopsis palmata","Insecticide",9.07142857142857,0.0151386777075074,0.021656223779345,56.7288935343642,-0.0282316543319291,0.058509009746944,0.69904512724634,0.487380107364241,"Biodiversity experiment","F"
"121","Coreopsis palmata","FoliarFungicide",9.07142857142857,0.121209561196904,0.0231425768426892,71.8225243904447,0.0750737297062134,0.167345392687595,5.23751361055518,1.55667661412631e-06,"Biodiversity experiment","F"
"122","Coreopsis palmata","SoilDrenchFungicide",9.07142857142857,0.0666868494314586,0.0231425768426893,71.822524390445,0.0205510179407679,0.112822680922149,2.88156543174772,0.0052145553833436,"Biodiversity experiment","F"
"123","Coreopsis palmata","AllPesticides",9.07142857142857,0.00532511438360825,0.0231425768426893,71.822524390445,-0.0408107171070825,0.051460945874299,0.230100322008457,0.818667918395434,"Biodiversity experiment","F"
"124","Erigeron canadensis","Fenced",9.07142857142857,0.0519418588330118,0.0257960372981412,55.2631258927808,0.000250976876443244,0.10363274078958,2.01355961121806,0.0489355882419276,"Oldfield experiment","F"
"125","Erigeron canadensis","SoilDrenchFungicide",9.07142857142857,0.0030912734023251,0.0209279504911254,26.4552659432348,-0.0398907437010359,0.0460732905056861,0.147710278827158,0.883691454003858,"Oldfield experiment","F"
"126","Helianthemum bicknellii","SoilDrenchFungicide",9.07142857142857,-0.00662327843874973,0.0282337473616871,63.5978818113153,-0.0630335419673897,0.0497869850898903,-0.234587295618344,0.815282689555114,"Oldfield experiment","F"
"127","Helianthemum bicknellii","AllPesticides",9.07142857142857,-0.00123861122145825,0.037418523244979,137.153888486321,-0.0752304272686507,0.0727532048257343,-0.0331015527616914,0.973641728104403,"Oldfield experiment","F"
"128","Helianthemum bicknellii","FoliarFungicide",9.07142857142857,-0.0117154848060477,0.0374185232449789,137.153888486322,-0.0857073008532401,0.0622763312411448,-0.313093189951576,0.754685462670214,"Oldfield experiment","F"
"129","Helianthemum bicknellii","Control",9.07142857142857,-0.00470120465433363,0.0315934321339217,90.1506683023395,-0.0674656428178804,0.0580632335092132,-0.14880322702534,0.882041262509023,"Oldfield experiment","F"
"130","Helianthemum bicknellii","Fenced",9.07142857142857,0.0179472345753469,0.0315934321339219,90.1506683023367,-0.0448172035882002,0.0807116727388941,0.568068530803179,0.571400639284698,"Oldfield experiment","F"
"131","Helianthemum bicknellii","Insecticide",9.07142857142857,0.0231145134220929,0.0282337473616871,63.5978818113153,-0.033295750106547,0.0795247769507328,0.818683865304366,0.416023959937619,"Oldfield experiment","F"
"132","Hieracium longipilum","Fenced",9.07142857142857,0.00469252190752255,0.0196446468216713,95.691534083185,-0.0343033980887726,0.0436884419038177,0.238870260693408,0.811717019072727,"Oldfield experiment","F"
"133","Hieracium longipilum","SoilDrenchFungicide",9.07142857142857,0.0589329381132469,0.0247012395829264,179.460000114752,0.0101906981598685,0.107675178066625,2.38582917733334,0.0180816445820317,"Oldfield experiment","F"
"134","Hieracium longipilum","FoliarFungicide",9.07142857142857,0.0425460618952828,0.0247012395829265,179.460000114752,-0.0061961780580958,0.0912883018486614,1.72242618644494,0.0867151237303637,"Oldfield experiment","F"
"135","Hieracium longipilum","AllPesticides",9.07142857142857,0.0236611608073349,0.0247012395829265,179.460000114757,-0.0250810791460438,0.0724034007607136,0.957893660676426,0.339405063016965,"Oldfield experiment","F"
"136","Hieracium longipilum","Control",9.07142857142857,0.103106062208805,0.031761588512186,270.000561801716,0.0405741960157978,0.165637928401811,3.24625017320043,0.00131694567293842,"Oldfield experiment","F"
"137","Lechea stricta","Insecticide",9.07142857142857,0.0490125694080648,0.0232599937936375,12,-0.00166660348749265,0.0996917423036223,2.10716175777621,0.056817479562941,"Oldfield experiment","F"
"138","Liatris aspera","Control",9.07142857142857,0.0159776706573255,0.0168348145270331,26.161875782681,-0.0186163682905804,0.0505717096052314,0.949085042289523,0.351262885717351,"Biodiversity experiment","F"
"139","Liatris aspera","Control",9.07142857142857,-0.0499005715675323,0.0234863892833188,93.9361748123866,-0.0965337611296032,-0.00326738200546128,-2.12465913621614,0.0362405272825668,"Oldfield experiment","F"
"140","Liatris aspera","Insecticide",9.07142857142857,-0.0118688221742338,0.0223177867744135,78.114652652826,-0.0562990953918627,0.032561451043395,-0.531809999539964,0.596366845193175,"Oldfield experiment","F"
"141","Liatris aspera","FoliarFungicide",9.07142857142857,-0.00386170485811353,0.0223177867744135,78.1146526528224,-0.0482919780757424,0.0405685683595153,-0.173032608347206,0.863073370463519,"Oldfield experiment","F"
"142","Liatris aspera","AllPesticides",9.07142857142857,-0.0115190847003345,0.0234863892833186,93.9361748124106,-0.0581522742624049,0.0351141048617359,-0.490457880152571,0.624953628575668,"Oldfield experiment","F"
"143","Liatris aspera","Fenced",9.07142857142857,-0.0161607393764481,0.0223177867744134,78.1146526528244,-0.060591012594077,0.0282695338411807,-0.724119265937958,0.471155694569253,"Oldfield experiment","F"
"144","Liatris aspera","SoilDrenchFungicide",9.07142857142857,0.0124661114243466,0.0174739665166765,30.3275100301091,-0.0232043355576553,0.0481365584063485,0.713410513431474,0.481046009273791,"Biodiversity experiment","F"
"145","Liatris aspera","SoilDrenchFungicide",9.07142857142857,0.0243961959084075,0.0234863892833186,93.9361748124112,-0.0222369936536628,0.0710293854704779,1.03873761156361,0.301593143249841,"Oldfield experiment","F"
"146","Liatris aspera","Insecticide",9.07142857142857,0.0146673661520998,0.017026694367898,27.3654162642713,-0.0202467096414665,0.0495814419456661,0.861433572200225,0.396484923585761,"Biodiversity experiment","F"
"147","Liatris aspera","FoliarFungicide",9.07142857142857,0.00407770146820796,0.017026694367898,27.3654162642712,-0.0308363743253583,0.0389917772617743,0.239488733403005,0.812511347047324,"Biodiversity experiment","F"
"148","Liatris aspera","AllPesticides",9.07142857142857,0.0197667144909483,0.0172386210320755,28.7412244463026,-0.0155040179954332,0.0550374469773299,1.14665288216319,0.260981853290928,"Biodiversity experiment","F"
"149","Lithospermum canescens","AllPesticides",9.07142857142857,-0.00209972526243985,0.0292591705783104,39.6807139545956,-0.061249540479042,0.0570500899541623,-0.0717629796381296,0.943151026976226,"Oldfield experiment","F"
"150","Lithospermum canescens","Fenced",9.07142857142857,-0.0179863864537398,0.0308157505902187,48.3480236226589,-0.0799340857032599,0.0439613127957803,-0.583675104751428,0.56215216304346,"Oldfield experiment","F"
"151","Lithospermum canescens","Control",9.07142857142857,-0.00160278870871338,0.0330132945447812,62.5295385145312,-0.0675843090304711,0.0643787316130443,-0.0485497957963348,0.961432820818267,"Oldfield experiment","F"
"152","Lithospermum canescens","Insecticide",9.07142857142857,0.0144924275525347,0.0271884127165561,29.8628590953931,-0.0410444137423367,0.0700292688474062,0.533036911849942,0.597952883390267,"Oldfield experiment","F"
"153","Lithospermum canescens","SoilDrenchFungicide",9.07142857142857,-0.0255537131421329,0.0292591705783104,39.6807139545956,-0.0847035283587351,0.0335961020744694,-0.873357399989857,0.387723118090722,"Oldfield experiment","F"
"154","Lithospermum canescens","FoliarFungicide",9.07142857142857,0.0262817456958362,0.0280945758185636,33.9246279444384,-0.0308179745554574,0.0833814659471298,0.935474016962038,0.35615577856838,"Oldfield experiment","F"
"155","Lithospermum caroliniense","Insecticide",9.07142857142857,0.056908385663527,0.022518377660271,62.6840012234547,0.0119045586853229,0.101912212641731,2.52719740836082,0.0140330917041703,"Oldfield experiment","F"
"156","Lithospermum caroliniense","FoliarFungicide",9.07142857142857,0.0639724238030052,0.022518377660271,62.6840012234547,0.0189685968248011,0.108976250781209,2.84089843274418,0.00606081393582304,"Oldfield experiment","F"
"157","Lithospermum caroliniense","Control",9.07142857142857,0.0530802132653259,0.0236078681850022,74.7093857952857,0.00604792946807957,0.100112497062572,2.24841196373026,0.0274989031267668,"Oldfield experiment","F"
"158","Lithospermum caroliniense","AllPesticides",9.07142857142857,0.0083838474355286,0.0225183776602709,62.6840012234539,-0.0366199795426755,0.0533876744137327,0.3723113432954,0.710916858126185,"Oldfield experiment","F"
"159","Lithospermum caroliniense","Fenced",9.07142857142857,0.0636406058527049,0.0236078681850021,74.7093857953412,0.0166083220554592,0.110672889649951,2.69573708875311,0.00867259777339439,"Oldfield experiment","F"
"160","Lithospermum caroliniense","SoilDrenchFungicide",9.07142857142857,0.0618102630313514,0.0236078681850021,74.7093857953405,0.0147779792341058,0.108842546828597,2.6182060382148,0.0106962914194506,"Oldfield experiment","F"
"161","Monarda fistulosa","AllPesticides",9.07142857142857,0.0463502799332935,0.0234148241752485,51.0972343170106,-0.00065476928208201,0.0933553291486689,1.9795271400026,0.0531560312093974,"Biodiversity experiment","F"
"162","Monarda fistulosa","Control",9.07142857142857,-0.017166600680902,0.0211354667270386,34.4136642729011,-0.0601000274122446,0.0257668260504407,-0.812217724008939,0.422249802981014,"Biodiversity experiment","F"
"163","Monarda fistulosa","SoilDrenchFungicide",9.07142857142857,-0.0147270801697753,0.0234148241752485,51.0972343170106,-0.0617321293851508,0.0322779690456002,-0.628963944360647,0.532174549490586,"Biodiversity experiment","F"
"164","Monarda fistulosa","Insecticide",9.07142857142857,-0.052904293713252,0.0279690501632538,129.810019157482,-0.108238475307039,0.00242988788053481,-1.89152986620756,0.0607816232963208,"Oldfield experiment","F"
"165","Monarda fistulosa","Insecticide",9.07142857142857,0.00963821077344677,0.0206195995410414,31.2457720799731,-0.0324023367464219,0.0516787582933154,0.467429580980115,0.643436189089056,"Biodiversity experiment","F"
"166","Monarda fistulosa","FoliarFungicide",9.07142857142857,-0.0169241012800338,0.021135466727039,34.4136642729019,-0.0598575280113771,0.0260093254513095,-0.800744147200805,0.428773607110666,"Biodiversity experiment","F"
"167","Monarda fistulosa","FoliarFungicide",9.07142857142857,0.0385207868008025,0.03422404292435,160.700539671813,-0.0290660838238573,0.106107657425462,1.1255475247606,0.262035262043808,"Oldfield experiment","F"
"168","Monarda fistulosa","Control",9.07142857142857,-0.00574583741882678,0.0342240429243501,160.700539671826,-0.0733327080434867,0.0618410332058332,-0.167888914571769,0.86688177149777,"Oldfield experiment","F"
"169","Monarda fistulosa","AllPesticides",9.07142857142857,0.0713329897812629,0.0279690501632538,129.810019157482,0.0159988081874761,0.12666717137505,2.55042589451183,0.0119205506783629,"Oldfield experiment","F"
"170","Monarda fistulosa","Fenced",9.07142857142857,0.00708348518563004,0.03422404292435,160.700539671815,-0.0605033854390298,0.0746703558102898,0.206973945225806,0.836292231193523,"Oldfield experiment","F"
"171","Monarda fistulosa","SoilDrenchFungicide",9.07142857142857,0.00230674281814217,0.0342240429243501,160.700539671815,-0.0652801278065177,0.0698936134428021,0.0674012367048824,0.946346070597162,"Oldfield experiment","F"
"172","Penstemon gracilis","Control",9.07142857142857,0.0546514402481045,0.0298253217932742,12.0000000000002,-0.0103323535240349,0.119635234020244,1.83238392621228,0.0918120959991737,"Oldfield experiment","F"
"173","Physalis virginiana","Control",9.07142857142857,-0.0251100558336801,0.0288722251671841,171.737069818471,-0.0821001782929277,0.0318800666255675,-0.869695899373213,0.38568052034245,"Oldfield experiment","F"
"174","Physalis virginiana","Insecticide",9.07142857142857,-0.0215254284971904,0.0260625669312874,132.108034677629,-0.0730793719501441,0.0300285149557633,-0.825913600680282,0.410342158517282,"Oldfield experiment","F"
"175","Physalis virginiana","FoliarFungicide",9.07142857142857,-0.0364857274775824,0.0260625669312874,132.108034677623,-0.0880396709305362,0.0150682159753714,-1.39992839438169,0.163878772020374,"Oldfield experiment","F"
"176","Physalis virginiana","Fenced",9.07142857142857,-0.00835277471579135,0.0260625669312873,132.10803467763,-0.059906718168745,0.0432011687371623,-0.320489333909934,0.749103791807075,"Oldfield experiment","F"
"177","Physalis virginiana","AllPesticides",9.07142857142857,-0.0418658949533448,0.022424533238909,83.1418170425732,-0.0864662645736127,0.00273447466692311,-1.86696840051515,0.0654306156950882,"Oldfield experiment","F"
"178","Polygala polygama","Control",9.07142857142857,0.0197602287227394,0.0214219153659669,105.857466282555,-0.0227114622367722,0.0622319196822511,0.922430528977471,0.358401704448289,"Oldfield experiment","F"
"179","Polygala polygama","Insecticide",9.07142857142857,0.0431141859721816,0.0226552414353661,128.143465548095,-0.0017126009419828,0.0879409728863461,1.90305568339157,0.0592765164558326,"Oldfield experiment","F"
"180","Polygala polygama","AllPesticides",9.07142857142857,0.0112438947831314,0.0214219153659665,105.857466282433,-0.03122779617638,0.0537155857426429,0.524878125557105,0.60076545158762,"Oldfield experiment","F"
"181","Polygala polygama","Fenced",9.07142857142857,0.00631578590818645,0.0226552414353661,128.143465548097,-0.038511001005978,0.0511425728223509,0.278778132919262,0.78086448080963,"Oldfield experiment","F"
"182","Polygala polygama","FoliarFungicide",9.07142857142857,0.015480498480624,0.0226552414353661,128.143465548095,-0.0293462884335405,0.0603072853947885,0.68330759240809,0.49564611612072,"Oldfield experiment","F"
"183","Polygala polygama","SoilDrenchFungicide",9.07142857142857,0.00234222194891035,0.0226552414353661,128.143465548085,-0.0424845649652542,0.0471690088630748,0.103385433149876,0.917818697755471,"Oldfield experiment","F"
"184","Rudbeckia serotina","SoilDrenchFungicide",9.07142857142857,-0.00745356723029199,0.039346975257163,99.9673069760839,-0.085517158107236,0.070610023646652,-0.18943177160575,0.850138512364841,"Oldfield experiment","F"
"185","Rudbeckia serotina","AllPesticides",9.07142857142857,-0.00286308933056607,0.0340027710972512,62.7357621008341,-0.0708178068096805,0.0650916281485483,-0.0842016470474528,0.933164227143556,"Oldfield experiment","F"
"186","Rudbeckia serotina","FoliarFungicide",9.07142857142857,-0.00305366403889281,0.029027428866771,35.4257543373053,-0.0619571711669115,0.0558498430891259,-0.105199260082882,0.916811101577071,"Oldfield experiment","F"
"187","Rudbeckia serotina","Control",9.07142857142857,0.00617050310515512,0.0340027710972514,62.7357621008282,-0.0617842143739599,0.0741252205842702,0.181470595073173,0.856583255291809,"Oldfield experiment","F"
"188","Rudbeckia serotina","Fenced",9.07142857142857,0.000872605715072974,0.0309869397084348,45.1377448013671,-0.0615330382719988,0.0632782497021447,0.0281604354377546,0.977658333143547,"Oldfield experiment","F"
"189","Rudbeckia serotina","Insecticide",9.07142857142857,0.000994312992469136,0.0309869397084349,45.1377448013672,-0.0614113309946027,0.0633999569795409,0.0320881313813147,0.974543240047699,"Oldfield experiment","F"
"190","Rumex acetosella","Insecticide",9.07142857142857,0.0119191794489472,0.0312315822247612,230.804270462632,-0.0496162651701096,0.073454624068004,0.381638668293192,0.703080511119982,"Oldfield experiment","F"
"191","Rumex acetosella","Control",9.07142857142857,0.0280157428586572,0.0241918795664415,153.082612116454,-0.0197772945158409,0.0758087802331552,1.15806391899867,0.248641504702677,"Oldfield experiment","F"
"192","Rumex acetosella","Fenced",9.07142857142857,0.071049865931058,0.0312315822247612,230.804270462635,0.00951442131200118,0.132585310550115,2.2749364863983,0.0238279731382258,"Oldfield experiment","F"
"193","Rumex acetosella","FoliarFungicide",9.07142857142857,0.0132634190244067,0.0270473436070257,190.379647749509,-0.0400875465675649,0.0666143846163784,0.490377880250003,0.624431213274561,"Oldfield experiment","F"
"194","Rumex acetosella","SoilDrenchFungicide",9.07142857142857,0.0589777844108915,0.0312315822247612,230.804270462632,-0.00255766020816529,0.120513229029948,1.88840206642276,0.0602261515031085,"Oldfield experiment","F"
"195","Rumex acetosella","AllPesticides",9.07142857142857,0.087055087856775,0.0270473436070257,190.379647749512,0.0337041222648034,0.140406053448747,3.21861877164757,0.00151429968149766,"Oldfield experiment","F"
"196","Sisyrinchium campestre","SoilDrenchFungicide",9.07142857142857,-0.000252067554358741,0.0259457499188041,51.4467662874409,-0.0523293534805176,0.0518252183718001,-0.00971517705780613,0.992286108203967,"Oldfield experiment","F"
"197","Sisyrinchium campestre","AllPesticides",9.07142857142857,-2.42559232451131e-05,0.0243327416834042,40.8373065361092,-0.0491711709001063,0.0491226590536161,-0.000996843001117975,0.99920948824884,"Oldfield experiment","F"
"198","Sisyrinchium campestre","Control",9.07142857142857,-0.0317110621069657,0.0315844965595549,96.8292190577219,-0.0943989410552536,0.0309768168413222,-1.00400720483773,0.317877571816151,"Oldfield experiment","F"
"199","Sisyrinchium campestre","Insecticide",9.07142857142857,0.0128983297445723,0.0315844965595544,96.8292190577263,-0.0497895492037146,0.0755862086928592,0.408375347071048,0.683899815217749,"Oldfield experiment","F"
"200","Sisyrinchium campestre","FoliarFungicide",9.07142857142857,-0.0421761993377897,0.0374576898381325,146.906474944104,-0.116201724795058,0.0318493261194789,-1.1259690472116,0.262014666160336,"Oldfield experiment","F"
"201","Solidago gigantea","Insecticide",9.07142857142857,0.0299385942496072,0.025095314934555,52.0335493275584,-0.0204180664555098,0.0802952549547242,1.19299535900158,0.238282766368101,"Oldfield experiment","F"
"202","Solidago gigantea","FoliarFungicide",9.07142857142857,0.0869106825446296,0.0250953149345549,52.0335493275619,0.0365540218395129,0.137267343249746,3.46322342522023,0.0010762534283184,"Oldfield experiment","F"
"203","Solidago gigantea","AllPesticides",9.07142857142857,0.0829122878002022,0.0276150528126061,70.3097596817987,0.0278400672951461,0.137984508305258,3.00243089748332,0.00370648625660924,"Oldfield experiment","F"
"204","Solidago missouriensis","Control",9.07142857142857,-0.00940531800933113,0.0402286655439009,34.1864379728693,-0.0911433832478367,0.0723327472291745,-0.233796420591363,0.816537455920425,"Oldfield experiment","F"
"205","Solidago missouriensis","AllPesticides",9.07142857142857,0.0160154045336284,0.0351570428282229,20.2693813179551,-0.0572584700690721,0.0892892791363289,0.455539011397505,0.65356388900341,"Oldfield experiment","F"
"206","Solidago missouriensis","Insecticide",9.07142857142857,0.0131229971145422,0.0351570428282229,20.2693813179551,-0.0601508774881581,0.0863968717172426,0.373267944595372,0.712824296283685,"Oldfield experiment","F"
"207","Solidago missouriensis","FoliarFungicide",9.07142857142857,0.0056260233789243,0.0377780570693395,26.847498807648,-0.071908754341679,0.0831608010995275,0.148923047275778,0.882727363552817,"Oldfield experiment","F"
"208","Solidago missouriensis","SoilDrenchFungicide",9.07142857142857,0.00451772557865537,0.0362282104806325,22.8038938191116,-0.070461716076169,0.0794971672334797,0.124701869585044,0.901852345596432,"Oldfield experiment","F"
"209","Solidago nemoralis","AllPesticides",9.07142857142857,-0.00976003947701727,0.0247091452223621,62.4116624877534,-0.0591464371607224,0.0396263582066879,-0.394997050249408,0.694191824997227,"Biodiversity experiment","F"
"210","Solidago nemoralis","Control",9.07142857142857,0.0249141194413571,0.0258325851453381,31.5507648834178,-0.0277345338505087,0.0775627727332228,0.964445459143419,0.34215713139117,"Oldfield experiment","F"
"211","Solidago nemoralis","SoilDrenchFungicide",9.07142857142857,0.0348816384395139,0.0258325851453379,31.550764883414,-0.0177670148523518,0.0875302917313795,1.35029607928377,0.186528212955418,"Oldfield experiment","F"
"212","Solidago nemoralis","SoilDrenchFungicide",9.07142857142857,-0.0592742551857073,0.024709145222362,62.4116624877529,-0.108660652869412,-0.00988785750200218,-2.39887922679185,0.0194457182875474,"Biodiversity experiment","F"
"213","Solidago nemoralis","FoliarFungicide",9.07142857142857,0.0199858002399928,0.0247091452223621,62.4116624877534,-0.0294005974437123,0.069372197923698,0.808842234732808,0.421678607757292,"Biodiversity experiment","F"
"214","Solidago nemoralis","Insecticide",9.07142857142857,0.00214027622794015,0.0247091452223621,62.4116624877537,-0.047246121455765,0.0515266739116453,0.0866187886581837,0.931251831610685,"Biodiversity experiment","F"
"215","Solidago nemoralis","Control",9.07142857142857,-0.00157602805418529,0.0247091452223617,62.4116624877623,-0.0509624257378896,0.047810369629519,-0.0637831879655228,0.949346714710793,"Biodiversity experiment","F"
"216","Solidago nemoralis","FoliarFungicide",9.07142857142857,0.0774792897580548,0.0258325851453379,31.5507648834141,0.0248306364661891,0.13012794304992,2.99928517886014,0.00524564556699819,"Oldfield experiment","F"
"217","Solidago nemoralis","AllPesticides",9.07142857142857,0.0284316194629221,0.0258325851453379,31.5507648834142,-0.0242170338289435,0.0810802727547877,1.1006106939341,0.279392631347372,"Oldfield experiment","F"
"218","Solidago nemoralis","Insecticide",9.07142857142857,0.0556268152662708,0.0258325851453379,31.5507648834143,0.00297816197440515,0.108275468558136,2.15335844064023,0.0390411672169975,"Oldfield experiment","F"
"219","Solidago nemoralis","Fenced",9.07142857142857,0.0480416467179301,0.0266765390728607,35.7744179286098,-0.00607273029971581,0.102156023735576,1.80089503314938,0.0801546157826648,"Oldfield experiment","F"
"220","Solidago rigida","Control",9.07142857142857,0.00894195604406466,0.016128398808624,76.9275619896178,-0.0231742715948237,0.041058183682953,0.554423049068165,0.580897650397437,"Biodiversity experiment","F"
"221","Solidago rigida","SoilDrenchFungicide",9.07142857142857,0.0202734280688658,0.0153704352145683,63.9342909064768,-0.0104331539575094,0.050980010095241,1.31898855080241,0.191877761754611,"Biodiversity experiment","F"
"222","Solidago rigida","AllPesticides",9.07142857142857,0.0182925750485193,0.0231115140324213,112.138102333889,-0.0274993116289426,0.0640844617259812,0.791491852193592,0.430328008938431,"Oldfield experiment","F"
"223","Solidago rigida","Insecticide",9.07142857142857,-0.00339763065342477,0.0150472392455849,58.8864555081791,-0.0335083016279193,0.0267130403210698,-0.225797609646014,0.822140702562988,"Biodiversity experiment","F"
"224","Solidago rigida","FoliarFungicide",9.07142857142857,-0.0387623751314407,0.0147540115902755,54.5532558280833,-0.0683355185305086,-0.00918923173237282,-2.62724309888636,0.0111535021084873,"Biodiversity experiment","F"
"225","Solidago rigida","SoilDrenchFungicide",9.07142857142857,-0.0357212330128533,0.0231115140324213,112.138102333889,-0.0815131196903152,0.0100706536646086,-1.54560332839912,0.125017914148955,"Oldfield experiment","F"
"226","Solidago rigida","AllPesticides",9.07142857142857,0.000866520569719993,0.0147540115902755,54.5532558280834,-0.0287066228293479,0.0304396639687879,0.0587311840185297,0.95338083262194,"Biodiversity experiment","F"
"227","Solidago rigida","FoliarFungicide",9.07142857142857,0.0240087913961435,0.0215287296121305,89.9387583915936,-0.0187621843960554,0.0667797671883425,1.11519777658481,0.267736668946832,"Oldfield experiment","F"
"228","Solidago rigida","Insecticide",9.07142857142857,-3.04236798198845e-05,0.0231115140324214,112.138102333857,-0.0458223103572821,0.0457614629976423,-0.00131638627297223,0.998952014969467,"Oldfield experiment","F"
"229","Tradescantia occidentalis","Control",9.07142857142857,0.0252779357929026,0.0282521970736625,74.5432050351439,-0.0310089803936715,0.0815648519794767,0.894724602373222,0.373814245246279,"Oldfield experiment","F"
"230","Tradescantia occidentalis","FoliarFungicide",9.07142857142857,-0.0196066096873407,0.0264977929931193,59.1035978573573,-0.0726266264947293,0.0334134071200478,-0.739933687776638,0.462269337890359,"Oldfield experiment","F"
"231","Tradescantia occidentalis","SoilDrenchFungicide",9.07142857142857,-0.00601866530334373,0.024126044558271,41.585496490316,-0.0547213761600265,0.0426840455533391,-0.249467553158456,0.80422728798711,"Oldfield experiment","F"
"232","Tradescantia occidentalis","AllPesticides",9.07142857142857,-0.0168661150928398,0.0264977929931192,59.1035978573575,-0.0698861319002283,0.0361539017145486,-0.636510183969643,0.526901477743179,"Oldfield experiment","F"
"233","Tradescantia occidentalis","Fenced",9.07142857142857,0.012013306195006,0.024126044558271,41.5854964903162,-0.0366894046616769,0.0607160170516888,0.497939318896246,0.621149956838959,"Oldfield experiment","F"
"234","Viola pedatifida","Insecticide",9.07142857142857,-0.00169594826256496,0.0274070008933577,48.5129486184884,-0.0567863684822915,0.0533944719571616,-0.0618801111863349,0.950912549577356,"Oldfield experiment","F"
"235","Viola pedatifida","Fenced",9.07142857142857,-0.0276795274099062,0.0262294994039116,40.9792340084486,-0.0806518913047431,0.0252928364849306,-1.05528233626062,0.297478329300002,"Oldfield experiment","F"
"236","Viola pedatifida","Control",9.07142857142857,-0.00950368618657348,0.0262294994039117,40.9792340084407,-0.0624760500814109,0.0434686777082639,-0.362328157324885,0.718968783070849,"Oldfield experiment","F"
"237","Viola pedatifida","SoilDrenchFungicide",9.07142857142857,0.00418061586484423,0.0253104493191697,35.6865025721314,-0.0471670168444514,0.0555282485741398,0.165173514390276,0.869739541767951,"Oldfield experiment","F"
"238","Viola pedatifida","AllPesticides",9.07142857142857,-0.0163493798388422,0.0253104493191697,35.6865025721317,-0.0676970125481378,0.0349982528704533,-0.645953757385868,0.522441684511332,"Oldfield experiment","F"
"239","Viola pedatifida","FoliarFungicide",9.07142857142857,0.0180203308738995,0.0253104493191697,35.6865025721313,-0.0333273018353961,0.069367963583195,0.711971986220379,0.481111013740561,"Oldfield experiment","F"
"240","Amorpha canescens","Control",9.07142857142857,0.019470430538104,0.0128068299613802,55.8557099238001,-0.00618619529875983,0.0451270563749679,1.52031615917587,0.134072564320192,"Biodiversity experiment","L"
"241","Amorpha canescens","Insecticide",9.07142857142857,0.0177744844639293,0.0128068299613801,55.8557099238001,-0.00788214137293437,0.043431110300793,1.38789103295113,0.170681913237684,"Biodiversity experiment","L"
"242","Amorpha canescens","FoliarFungicide",9.07142857142857,-0.00169235763942481,0.0128068299613801,55.8557099238003,-0.0273489834762885,0.0239642681974389,-0.132144929270415,0.895344538349527,"Biodiversity experiment","L"
"243","Amorpha canescens","SoilDrenchFungicide",9.07142857142857,0.0174553292692158,0.0140611916332567,79.6758938129872,-0.0105290814027608,0.0454397399411924,1.24138335672287,0.218106436812625,"Biodiversity experiment","L"
"244","Amorpha canescens","AllPesticides",9.07142857142857,0.004190439773873,0.0128068299613801,55.8557099238001,-0.0214661860629907,0.0298470656107367,0.327203514570706,0.744737102478468,"Biodiversity experiment","L"
"245","Lathyrus venosus","Control",9.07142857142857,-0.0166269632428937,0.0306874331548202,104.405620525143,-0.0774785123709496,0.0442245858851622,-0.541816683037955,0.589099248119137,"Oldfield experiment","L"
"246","Lathyrus venosus","SoilDrenchFungicide",9.07142857142857,-0.0298535270345602,0.0366943617564002,151.59308076801,-0.102351916322572,0.0426448622534517,-0.813572592779956,0.417165869346778,"Oldfield experiment","L"
"247","Lathyrus venosus","AllPesticides",9.07142857142857,-0.0716702748334514,0.0271908024540018,74.2025202548587,-0.125846674523402,-0.0174938751435009,-2.63582786696695,0.0102148060369185,"Oldfield experiment","L"
"248","Lathyrus venosus","Insecticide",9.07142857142857,0.0397848708857952,0.0366943617564002,151.593080768008,-0.0327135184022167,0.112283260173807,1.08422299725259,0.279987288387308,"Oldfield experiment","L"
"249","Lathyrus venosus","FoliarFungicide",9.07142857142857,-0.0315498059270391,0.0306874331548202,104.405620525148,-0.0924013550550948,0.0293017432010166,-1.02810182161109,0.306277902518285,"Oldfield experiment","L"
"250","Lathyrus venosus","Fenced",9.07142857142857,-0.0386252149230945,0.0306874331548202,104.405620525148,-0.0994767640511503,0.0222263342049613,-1.25866554977823,0.210958354724084,"Oldfield experiment","L"
"251","Lespedeza capitata","Control",9.07142857142857,-0.00676020881224246,0.0182176326841543,22.0727384477311,-0.0445340492694974,0.0310136316450125,-0.371080531123152,0.714115395200098,"Biodiversity experiment","L"
"252","Lespedeza capitata","Insecticide",9.07142857142857,-0.0296259095476746,0.0182176326841536,22.0727384477304,-0.0673997500049283,0.00814793090957903,-1.62622169747908,0.118096006103875,"Biodiversity experiment","L"
"253","Lespedeza capitata","AllPesticides",9.07142857142857,-0.0249565092958894,0.0182176326841536,22.0727384477304,-0.062730349753143,0.0128173311613643,-1.36990956665832,0.184490368919192,"Biodiversity experiment","L"
"254","Lespedeza capitata","Insecticide",9.07142857142857,-0.0469679251370071,0.0255962433796016,34.9986372843011,-0.0989311340807788,0.00499528380676461,-1.83495384226723,0.075023584324385,"Oldfield experiment","L"
"255","Lespedeza capitata","FoliarFungicide",9.07142857142857,-0.0617467891511764,0.0182176326841536,22.0727384477303,-0.0995206296084301,-0.0239729486939228,-3.38939697718717,0.00262839530819587,"Biodiversity experiment","L"
"256","Lespedeza capitata","SoilDrenchFungicide",9.07142857142857,-0.0345376276327303,0.0182176326841536,22.0727384477304,-0.072311468089984,0.00323621282452332,-1.89583510829991,0.0711501607983996,"Biodiversity experiment","L"
"257","Lespedeza capitata","Fenced",9.07142857142857,-0.0371387351669312,0.0255962433796016,34.998637284301,-0.0891019441107029,0.0148244737768405,-1.45094475842218,0.155699902814968,"Oldfield experiment","L"
"258","Lespedeza capitata","FoliarFungicide",9.07142857142857,-0.0808880041838097,0.0255962433796016,34.9986372843009,-0.132851213127581,-0.028924795240038,-3.16015139347643,0.0032464229391734,"Oldfield experiment","L"
"259","Lespedeza capitata","SoilDrenchFungicide",9.07142857142857,-0.0245712682352385,0.0255962433796016,34.9986372843011,-0.0765344771790102,0.0273919407085332,-0.959956032251988,0.343662666789547,"Oldfield experiment","L"
"260","Lespedeza capitata","Control",9.07142857142857,-0.0101363093568859,0.0255962433796012,34.9986372843012,-0.0620995183006569,0.041826899586885,-0.396007695604427,0.694503329077267,"Oldfield experiment","L"
"261","Lespedeza capitata","AllPesticides",9.07142857142857,-0.0206555193746517,0.0255962433796016,34.9986372843009,-0.0726187283184234,0.03130768956912,-0.806974643439775,0.425131361535081,"Oldfield experiment","L"
"262","Lupinus perennis","AllPesticides",9.07142857142857,-0.0704447658229566,0.0266810668235845,15.8182693152417,-0.127058958881099,-0.0138305727648144,-2.64025296622276,0.0179447879711477,"Biodiversity experiment","L"
"263","Lupinus perennis","FoliarFungicide",9.07142857142857,-0.034182163583708,0.0266810668235845,15.8182693152417,-0.0907963566418502,0.0224320294744342,-1.28113931162201,0.218608873763891,"Biodiversity experiment","L"
"264","Lupinus perennis","SoilDrenchFungicide",9.07142857142857,-0.0683937249897317,0.0266810668235845,15.8182693152417,-0.125007918047874,-0.0117795319315895,-2.56338044658978,0.0209662367349656,"Biodiversity experiment","L"
"265","Lupinus perennis","Control",9.07142857142857,-0.0535873917535499,0.0266810668235834,15.8182693152411,-0.11020158481169,0.0030268013045902,-2.00844261992493,0.0619851089973809,"Biodiversity experiment","L"
"266","Lupinus perennis","Insecticide",9.07142857142857,-0.0481383839937908,0.0266810668235845,15.8182693152416,-0.104752577051933,0.00847580906435143,-1.80421511298939,0.0902716624588606,"Biodiversity experiment","L"
"267","Petalostemum candidum","FoliarFungicide",9.07142857142857,-0.0317886504501599,0.0243220813907233,167.776302888437,-0.0798054078083042,0.0162281069079845,-1.30698725736048,0.193005547410782,"Biodiversity experiment","L"
"268","Petalostemum candidum","SoilDrenchFungicide",9.07142857142857,-0.0242210343502791,0.0243220813907234,167.776302888437,-0.0722377917084237,0.0237957230078654,-0.995845460804895,0.320759319905898,"Biodiversity experiment","L"
"269","Petalostemum candidum","Control",9.07142857142857,-0.0180314559444604,0.0222233829382136,134.697111540269,-0.0619833625514044,0.0259204506624836,-0.811373137680802,0.418582850715698,"Biodiversity experiment","L"
"270","Petalostemum candidum","Insecticide",9.07142857142857,-0.0188572972589649,0.0271678299485752,207.96855842163,-0.0724169462007756,0.0347023516828458,-0.694103919770518,0.488391643167856,"Biodiversity experiment","L"
"271","Petalostemum candidum","AllPesticides",9.07142857142857,0.00153774623010207,0.0271678299485752,207.96855842163,-0.0520219027117085,0.0550973951719127,0.0566017320121925,0.954916797652987,"Biodiversity experiment","L"
"272","Petalostemum purpureum","FoliarFungicide",9.07142857142857,-0.0383125356501558,0.017815689688648,20.27389844478,-0.0754432532295293,-0.00118181807078224,-2.15049410489947,0.0437527208065432,"Biodiversity experiment","L"
"273","Petalostemum purpureum","SoilDrenchFungicide",9.07142857142857,-0.0285119189845595,0.018332079753565,22.7155273902157,-0.0664610115496679,0.009437173580549,-1.55530192797764,0.133697645525977,"Biodiversity experiment","L"
"274","Petalostemum purpureum","Control",9.07142857142857,-0.020043972882143,0.0179691096532877,20.9780460276899,-0.0574151634716421,0.017327217707356,-1.11546833810298,0.277265365230589,"Biodiversity experiment","L"
"275","Petalostemum purpureum","Insecticide",9.07142857142857,-0.0269775087185575,0.017815689688648,20.27389844478,-0.064108226297931,0.010153208860816,-1.51425564713037,0.145396133045233,"Biodiversity experiment","L"
"276","Petalostemum purpureum","AllPesticides",9.07142857142857,-0.0362566865357701,0.0181401562069554,21.7841513669431,-0.0738986921796486,0.00138531910810826,-1.99869759235417,0.0582721072654109,"Biodiversity experiment","L"
"277","Petalostemum villosum","SoilDrenchFungicide",9.07142857142857,0.0265805731726348,0.027118499278844,101.971831059024,-0.0272090199149252,0.0803701662601948,0.980163868926595,0.329324996128485,"Biodiversity experiment","L"
"278","Petalostemum villosum","Insecticide",9.07142857142857,-0.034131926214311,0.027118499278844,101.971831059024,-0.0879215193018709,0.0196576668732489,-1.25862149904948,0.211041031966238,"Biodiversity experiment","L"
"279","Petalostemum villosum","FoliarFungicide",9.07142857142857,-0.0436880532654679,0.027118499278844,101.971831059024,-0.0974776463530278,0.010101539822092,-1.61100556547207,0.110269689397159,"Biodiversity experiment","L"
"280","Petalostemum villosum","Control",9.07142857142857,-0.0503434065782018,0.0271184992788439,101.971831059001,-0.104132999665762,0.00344618650935813,-1.85642302918571,0.0662803194129099,"Biodiversity experiment","L"
"281","Rhus glabra","Fenced",9.07142857142857,0.00996225429184443,0.0321480576438628,144.743935309972,-0.0535780275515736,0.0735025361352625,0.309886662584925,0.757092848165526,"Oldfield experiment","W"
"282","Rhus glabra","AllPesticides",9.07142857142857,0.0185128306477422,0.0278410346019117,111.978683966637,-0.0366507252780616,0.0736763865735459,0.664947654153305,0.507451133475332,"Oldfield experiment","W"
"283","Rhus glabra","Insecticide",9.07142857142857,0.0494256174640527,0.0278410346019118,111.978683966663,-0.00573793846175118,0.104589173389857,1.77527948119639,0.0785685471559093,"Oldfield experiment","W"
"284","Rhus glabra","FoliarFungicide",9.07142857142857,0.0140683542086986,0.0278410346019117,111.978683966637,-0.0410952017171051,0.0692319101345024,0.505310036421298,0.614334233065559,"Oldfield experiment","W"
"285","Rosa arkansana","SoilDrenchFungicide",9.07142857142857,0.000120375258142947,0.0319543249793578,68.3765118731804,-0.0636371305054892,0.0638778810217751,0.00376710377142087,0.997005262362886,"Oldfield experiment","W"
"286","Rosa arkansana","Insecticide",9.07142857142857,0.0166974461361243,0.0389225346229418,95.2202718878776,-0.0605712493304837,0.0939661416027323,0.428991747271322,0.668898244643783,"Oldfield experiment","W"
"287","Rosa arkansana","AllPesticides",9.07142857142857,0.0195269000805262,0.0389225346229419,95.220271887885,-0.057741795386082,0.0967955955471344,0.501686240880536,0.61704625499261,"Oldfield experiment","W"
"288","Rosa arkansana","Fenced",9.07142857142857,-0.059383529278493,0.0389225346229418,95.220271887885,-0.136652224745101,0.017885166188115,-1.52568505247063,0.130403084273521,"Oldfield experiment","W"
